,prc,lea,expend,fiscal_year
0,001,010,57433706.92,2015-16
1,001,020,13986123.18,2015-16
2,001,030,4153266.18,2015-16
3,001,040,9338075.89,2015-16
4,001,050,8877626.1,2015-16
5,001,060,6048768.55,2015-16
6,001,070,18526285.7,2015-16
7,001,080,6147747.4,2015-16
8,001,090,12477359.63,2015-16
9,001,100,32569974.44,2015-16
10,001,110,66348869.73,2015-16
11,001,111,12306035.6,2015-16
12,001,120,34201362.97,2015-16
13,001,130,79430219.09,2015-16
14,001,132,14498342.18,2015-16
15,001,140,33444972.89,2015-16
16,001,150,5180648.14,2015-16
17,001,160,22885231.02,2015-16
18,001,170,7671942.06,2015-16
19,001,180,45179669.87,2015-16
20,001,181,11656764.11,2015-16
21,001,182,7910375.84,2015-16
22,001,190,21759111.53,2015-16
23,001,200,9057118.14,2015-16
24,001,210,5822920.51,2015-16
25,001,220,3802678.53,2015-16
26,001,230,40831134.54,2015-16
27,001,240,15801521.51,2015-16
28,001,241,6428353.12,2015-16
29,001,250,36924634.7,2015-16
30,001,260,122445258.84,2015-16
31,001,270,10473236.45,2015-16
32,001,280,14803672.32,2015-16
33,001,290,50574711.29,2015-16
34,001,291,8037476.89,2015-16
35,001,292,6269708.21,2015-16
36,001,300,17131268.88,2015-16
37,001,310,24599936.81,2015-16
38,001,320,90944487.45,2015-16
39,001,330,14395698.36,2015-16
40,001,340,147293360.93,2015-16
41,001,350,22416913.41,2015-16
42,001,360,80129351.19,2015-16
43,001,370,4568598.17,2015-16
44,001,380,3188574.6,2015-16
45,001,390,20432393.71,2015-16
46,001,400,7947465.71,2015-16
47,001,410,182586850.76,2015-16
48,001,420,6671997.18,2015-16
49,001,421,8090466.21,2015-16
50,001,422,2391730.15,2015-16
51,001,430,50022916.17,2015-16
52,001,440,19254732.62,2015-16
53,001,450,37177935.52,2015-16
54,001,460,8093980.36,2015-16
55,001,470,20834786.1,2015-16
56,001,480,2024829.1,2015-16
57,001,490,53517156.65,2015-16
58,001,491,15630327.98,2015-16
59,001,500,9821704.36,2015-16
60,001,510,88876841.1,2015-16
61,001,520,3230996.49,2015-16
62,001,530,25797093.41,2015-16
63,001,540,23889434.0,2015-16
64,001,550,30764380.52,2015-16
65,001,560,12167058.42,2015-16
66,001,570,6844283.43,2015-16
67,001,580,9402893.98,2015-16
68,001,590,16869509.87,2015-16
69,001,600,369490492.32,2015-16
70,001,610,5651932.25,2015-16
71,001,620,10991963.68,2015-16
72,001,630,33655008.69,2015-16
73,001,640,41165119.24,2015-16
74,001,650,69806963.66,2015-16
75,001,660,4909747.42,2015-16
76,001,670,63937475.82,2015-16
77,001,680,20497269.56,2015-16
78,001,681,30972888.49,2015-16
79,001,690,3344436.1,2015-16
80,001,700,15130985.83,2015-16
81,001,710,22890577.69,2015-16
82,001,720,4564628.44,2015-16
83,001,730,12027406.72,2015-16
84,001,740,62352747.85,2015-16
85,001,750,6402986.8,2015-16
86,001,760,45605252.86,2015-16
87,001,761,12056958.05,2015-16
88,001,770,19203585.75,2015-16
89,001,780,58720184.71,2015-16
90,001,790,34787808.54,2015-16
91,001,800,52795888.37,2015-16
92,001,810,22878072.93,2015-16
93,001,820,22273563.9,2015-16
94,001,821,8019330.91,2015-16
95,001,830,16092493.34,2015-16
96,001,840,23463203.22,2015-16
97,001,850,16738093.14,2015-16
98,001,860,22275213.42,2015-16
99,001,861,3547014.56,2015-16
100,001,862,4350846.27,2015-16
101,001,870,5535451.72,2015-16
102,001,880,9455558.6,2015-16
103,001,890,1692450.31,2015-16
104,001,900,105007146.45,2015-16
105,001,910,15583065.84,2015-16
106,001,920,417700676.53,2015-16
107,001,930,5218142.9,2015-16
108,001,940,4124685.81,2015-16
109,001,950,12638622.91,2015-16
110,001,960,49258439.25,2015-16
111,001,970,25463026.63,2015-16
112,001,980,31687530.71,2015-16
113,001,990,14892743.59,2015-16
114,001,995,6165272.03,2015-16
115,002,010,1139683.0,2015-16
116,002,020,642256.0,2015-16
117,002,030,502130.0,2015-16
118,002,040,570248.0,2015-16
119,002,050,592721.0,2015-16
120,002,060,606983.39,2015-16
121,002,070,855708.0,2015-16
122,002,080,682196.0,2015-16
123,002,090,843010.0,2015-16
124,002,100,800800.0,2015-16
125,002,110,1279719.0,2015-16
126,002,111,505577.31,2015-16
127,002,120,953396.0,2015-16
128,002,130,1056211.0,2015-16
129,002,132,504245.0,2015-16
130,002,140,867279.0,2015-16
131,002,150,494970.87,2015-16
132,002,160,729162.0,2015-16
133,002,170,628214.31,2015-16
134,002,180,975264.0,2015-16
135,002,181,510670.0,2015-16
136,002,182,466957.0,2015-16
137,002,190,696087.0,2015-16
138,002,200,585597.0,2015-16
139,002,210,628256.0,2015-16
140,002,220,505781.56,2015-16
141,002,230,1055840.0,2015-16
142,002,240,720215.47,2015-16
143,002,241,469253.77,2015-16
144,002,250,957576.49,2015-16
145,002,260,2028093.96,2015-16
146,002,270,549070.0,2015-16
147,002,280,631528.0,2015-16
148,002,290,1095452.0,2015-16
149,002,291,474125.0,2015-16
150,002,292,447651.0,2015-16
151,002,300,614690.0,2015-16
152,002,310,726079.0,2015-16
153,002,320,1372321.0,2015-16
154,002,330,778627.25,2015-16
155,002,340,1733616.0,2015-16
156,002,350,707944.51,2015-16
157,002,360,1415280.0,2015-16
158,002,370,596799.0,2015-16
159,002,380,510237.93,2015-16
160,002,390,687880.81,2015-16
161,002,400,552725.0,2015-16
162,002,410,2293897.0,2015-16
163,002,420,676980.42,2015-16
164,002,421,484883.0,2015-16
165,002,422,425275.0,2015-16
166,002,430,997298.0,2015-16
167,002,440,805698.0,2015-16
168,002,450,840789.0,2015-16
169,002,460,640412.0,2015-16
170,002,470,658192.0,2015-16
171,002,480,484529.0,2015-16
172,002,490,992575.0,2015-16
173,002,491,472062.11,2015-16
174,002,500,600329.0,2015-16
175,002,510,1047347.54,2015-16
176,002,520,545658.0,2015-16
177,002,530,740735.0,2015-16
178,002,540,862450.0,2015-16
179,002,550,812117.17,2015-16
180,002,560,481719.98,2015-16
181,002,570,631035.0,2015-16
182,002,580,603493.0,2015-16
183,002,590,830977.0,2015-16
184,002,600,3351809.0,2015-16
185,002,610,540114.0,2015-16
186,002,620,610387.0,2015-16
187,002,630,871644.0,2015-16
188,002,640,1071285.99,2015-16
189,002,650,1152347.3,2015-16
190,002,660,615408.42,2015-16
191,002,670,1142545.0,2015-16
192,002,680,697961.0,2015-16
193,002,681,672068.0,2015-16
194,002,690,680958.0,2015-16
195,002,700,760960.99,2015-16
196,002,710,622287.5,2015-16
197,002,720,539940.0,2015-16
198,002,730,643599.0,2015-16
199,002,740,1133293.99,2015-16
200,002,750,522856.0,2015-16
201,002,760,996342.28,2015-16
202,002,761,504818.69,2015-16
203,002,770,797874.0,2015-16
204,002,780,1175583.85,2015-16
205,002,790,959850.14,2015-16
206,002,800,1114901.96,2015-16
207,002,810,158377.0,2015-16
208,002,820,690861.63,2015-16
209,002,821,467067.69,2015-16
210,002,830,731319.0,2015-16
211,002,840,823426.0,2015-16
212,002,850,713553.0,2015-16
213,002,860,710575.0,2015-16
214,002,861,389560.0,2015-16
215,002,862,437545.26,2015-16
216,002,870,585600.18,2015-16
217,002,880,638590.5,2015-16
218,002,890,480360.61,2015-16
219,002,900,1095778.0,2015-16
220,002,910,834824.0,2015-16
221,002,920,3198200.0,2015-16
222,002,930,577479.0,2015-16
223,002,940,648811.0,2015-16
224,002,950,599358.0,2015-16
225,002,960,1107659.0,2015-16
226,002,970,839242.0,2015-16
227,002,980,861126.02,2015-16
228,002,990,638825.67,2015-16
229,002,995,545307.0,2015-16
230,003,010,5442316.68,2015-16
231,003,020,1231415.9,2015-16
232,003,030,340331.0,2015-16
233,003,040,842591.0,2015-16
234,003,050,760203.0,2015-16
235,003,060,598774.18,2015-16
236,003,070,1671008.0,2015-16
237,003,080,563954.64,2015-16
238,003,090,1127749.0,2015-16
239,003,100,3352993.0,2015-16
240,003,110,5922115.0,2015-16
241,003,111,1103308.0,2015-16
242,003,120,3311862.72,2015-16
243,003,130,8389903.0,2015-16
244,003,132,1295101.0,2015-16
245,003,140,2880510.0,2015-16
246,003,150,491846.53,2015-16
247,003,160,2016747.21,2015-16
248,003,170,674607.65,2015-16
249,003,180,3997567.0,2015-16
250,003,181,1060376.0,2015-16
251,003,182,1018140.0,2015-16
252,003,190,2027838.0,2015-16
253,003,200,787696.0,2015-16
254,003,210,518338.0,2015-16
255,003,220,319410.15,2015-16
256,003,230,3632725.97,2015-16
257,003,240,1548295.0,2015-16
258,003,241,534744.0,2015-16
259,003,250,3407618.04,2015-16
260,003,260,12143645.0,2015-16
261,003,270,942581.0,2015-16
262,003,280,1191557.0,2015-16
263,003,290,4716085.66,2015-16
264,003,291,1053512.0,2015-16
265,003,292,819463.37,2015-16
266,003,300,1951293.0,2015-16
267,003,310,2482215.0,2015-16
268,003,320,8870727.0,2015-16
269,003,330,1404369.99,2015-16
270,003,340,19272987.0,2015-16
271,003,350,2053744.0,2015-16
272,003,360,7777570.0,2015-16
273,003,370,396382.0,2015-16
274,003,380,283691.57,2015-16
275,003,390,3415187.2,2015-16
276,003,400,766790.0,2015-16
277,003,410,22900852.75,2015-16
278,003,420,688067.77,2015-16
279,003,421,696049.0,2015-16
280,003,422,257969.0,2015-16
281,003,430,4937804.0,2015-16
282,003,440,1720229.0,2015-16
283,003,450,3692582.0,2015-16
284,003,460,707018.0,2015-16
285,003,470,2040211.93,2015-16
286,003,480,179310.0,2015-16
287,003,490,6230071.0,2015-16
288,003,491,1454672.0,2015-16
289,003,500,1010532.12,2015-16
290,003,510,8316269.99,2015-16
291,003,520,267701.0,2015-16
292,003,530,2418222.0,2015-16
293,003,540,2177065.0,2015-16
294,003,550,2778854.58,2015-16
295,003,560,1289188.0,2015-16
296,003,570,593640.0,2015-16
297,003,580,809539.0,2015-16
298,003,590,1522595.0,2015-16
299,003,600,39845200.0,2015-16
300,003,610,469570.0,2015-16
301,003,620,973112.0,2015-16
302,003,630,4916786.0,2015-16
303,003,640,3793645.0,2015-16
304,003,650,10728863.0,2015-16
305,003,660,532045.0,2015-16
306,003,670,6239834.0,2015-16
307,003,680,1791878.0,2015-16
308,003,681,2898289.0,2015-16
309,003,690,308702.0,2015-16
310,003,700,1374255.75,2015-16
311,003,710,2153327.71,2015-16
312,003,720,421290.0,2015-16
313,003,730,1114311.37,2015-16
314,003,740,5650564.0,2015-16
315,003,750,536351.0,2015-16
316,003,760,4238378.28,2015-16
317,003,761,1130616.15,2015-16
318,003,770,1811100.0,2015-16
319,003,780,9026317.06,2015-16
320,003,790,3097677.31,2015-16
321,003,800,4766085.0,2015-16
322,003,810,2182740.56,2015-16
323,003,820,2050436.49,2015-16
324,003,821,743784.0,2015-16
325,003,830,1429308.0,2015-16
326,003,840,2080375.0,2015-16
327,003,850,1530798.0,2015-16
328,003,860,1983241.0,2015-16
329,003,861,296249.0,2015-16
330,003,862,407115.94,2015-16
331,003,870,482523.26,2015-16
332,003,880,1011995.87,2015-16
333,003,890,141151.01,2015-16
334,003,900,11044060.0,2015-16
335,003,910,1531954.0,2015-16
336,003,920,46487808.0,2015-16
337,003,930,550303.0,2015-16
338,003,940,385168.0,2015-16
339,003,950,1038741.44,2015-16
340,003,960,4491598.0,2015-16
341,003,970,2549315.0,2015-16
342,003,980,2951619.83,2015-16
343,003,990,1291462.31,2015-16
344,003,995,603203.0,2015-16
345,005,010,4444030.22,2015-16
346,005,020,1173499.74,2015-16
347,005,030,452239.56,2015-16
348,005,040,984582.38,2015-16
349,005,050,639238.99,2015-16
350,005,060,796584.76,2015-16
351,005,070,1592565.09,2015-16
352,005,080,750781.96,2015-16
353,005,090,1351664.86,2015-16
354,005,100,2490734.32,2015-16
355,005,110,5310966.62,2015-16
356,005,111,950948.06,2015-16
357,005,120,3090826.36,2015-16
358,005,130,5349061.62,2015-16
359,005,132,983306.86,2015-16
360,005,140,3001948.9,2015-16
361,005,150,514390.46,2015-16
362,005,160,1981796.13,2015-16
363,005,170,699817.47,2015-16
364,005,180,3334707.65,2015-16
365,005,181,1041905.19,2015-16
366,005,182,729567.51,2015-16
367,005,190,1950409.95,2015-16
368,005,200,1351987.8,2015-16
369,005,210,487773.43,2015-16
370,005,220,326603.11,2015-16
371,005,230,3464005.51,2015-16
372,005,240,1794563.04,2015-16
373,005,241,553220.91,2015-16
374,005,250,3006457.12,2015-16
375,005,260,10528796.36,2015-16
376,005,270,1048687.6,2015-16
377,005,280,1365107.78,2015-16
378,005,290,4095529.42,2015-16
379,005,291,708185.98,2015-16
380,005,292,489536.0,2015-16
381,005,300,1387947.75,2015-16
382,005,310,2079919.69,2015-16
383,005,320,6928901.07,2015-16
384,005,330,1486986.48,2015-16
385,005,340,10576008.13,2015-16
386,005,350,1914627.29,2015-16
387,005,360,6645187.17,2015-16
388,005,370,480377.77,2015-16
389,005,380,300046.89,2015-16
390,005,390,2108326.07,2015-16
391,005,400,669063.38,2015-16
392,005,410,15378835.84,2015-16
393,005,420,1045384.38,2015-16
394,005,421,526789.84,2015-16
395,005,422,384055.12,2015-16
396,005,430,3795094.66,2015-16
397,005,440,1810786.91,2015-16
398,005,450,2819712.76,2015-16
399,005,460,804513.01,2015-16
400,005,470,1735873.46,2015-16
401,005,480,258477.33,2015-16
402,005,490,4333905.18,2015-16
403,005,491,1065628.95,2015-16
404,005,500,1009918.69,2015-16
405,005,510,6055641.71,2015-16
406,005,520,528214.08,2015-16
407,005,530,1904432.24,2015-16
408,005,540,1993997.97,2015-16
409,005,550,2767234.63,2015-16
410,005,560,1096360.28,2015-16
411,005,570,630636.59,2015-16
412,005,580,1029346.99,2015-16
413,005,590,1478013.46,2015-16
414,005,600,22956105.46,2015-16
415,005,610,642873.64,2015-16
416,005,620,1200193.85,2015-16
417,005,630,2765851.97,2015-16
418,005,640,3551273.2,2015-16
419,005,650,5286220.16,2015-16
420,005,660,629626.72,2015-16
421,005,670,4754782.88,2015-16
422,005,680,1479359.39,2015-16
423,005,681,2430130.17,2015-16
424,005,690,394547.35,2015-16
425,005,700,1355863.03,2015-16
426,005,710,1893326.27,2015-16
427,005,720,413646.29,2015-16
428,005,730,1071811.63,2015-16
429,005,740,4618278.23,2015-16
430,005,750,710624.01,2015-16
431,005,760,3646583.39,2015-16
432,005,761,951935.93,2015-16
433,005,770,1898594.71,2015-16
434,005,780,5061829.94,2015-16
435,005,790,2885824.75,2015-16
436,005,800,4205006.64,2015-16
437,005,810,2073071.53,2015-16
438,005,820,2023352.66,2015-16
439,005,821,591276.93,2015-16
440,005,830,1483575.51,2015-16
441,005,840,2261060.91,2015-16
442,005,850,2023275.6,2015-16
443,005,860,2068793.33,2015-16
444,005,861,323290.43,2015-16
445,005,862,437310.43,2015-16
446,005,870,439777.84,2015-16
447,005,880,997367.68,2015-16
448,005,890,245808.85,2015-16
449,005,900,7279837.91,2015-16
450,005,910,1810069.65,2015-16
451,005,920,25625670.17,2015-16
452,005,930,788493.11,2015-16
453,005,940,513450.1,2015-16
454,005,950,1028636.02,2015-16
455,005,960,4084800.54,2015-16
456,005,970,2426427.37,2015-16
457,005,980,2855218.71,2015-16
458,005,990,1496008.93,2015-16
459,005,995,810720.98,2015-16
460,007,010,6897393.41,2015-16
461,007,020,1425655.16,2015-16
462,007,030,464884.15,2015-16
463,007,040,1108793.89,2015-16
464,007,050,1032471.22,2015-16
465,007,060,690511.98,2015-16
466,007,070,2010778.85,2015-16
467,007,080,739873.45,2015-16
468,007,090,1433344.72,2015-16
469,007,100,3786842.16,2015-16
470,007,110,7183266.28,2015-16
471,007,111,1318859.67,2015-16
472,007,120,3819823.54,2015-16
473,007,130,8975865.28,2015-16
474,007,132,1610122.51,2015-16
475,007,140,3838180.31,2015-16
476,007,150,626949.27,2015-16
477,007,160,2728653.5,2015-16
478,007,170,822292.57,2015-16
479,007,180,5145219.52,2015-16
480,007,181,1330018.36,2015-16
481,007,182,914085.78,2015-16
482,007,190,2656085.68,2015-16
483,007,200,990415.76,2015-16
484,007,210,697297.27,2015-16
485,007,220,417522.49,2015-16
486,007,230,4962162.69,2015-16
487,007,240,1807057.68,2015-16
488,007,241,792661.53,2015-16
489,007,250,4217968.06,2015-16
490,007,260,15138344.96,2015-16
491,007,270,1299949.03,2015-16
492,007,280,1715601.24,2015-16
493,007,290,5964328.26,2015-16
494,007,291,889365.33,2015-16
495,007,292,685537.81,2015-16
496,007,300,2034417.68,2015-16
497,007,310,2994272.25,2015-16
498,007,320,10116011.77,2015-16
499,007,330,1641881.87,2015-16
500,007,340,17246978.85,2015-16
501,007,350,2443862.45,2015-16
502,007,360,9280157.62,2015-16
503,007,370,560007.49,2015-16
504,007,380,382084.89,2015-16
505,007,390,2329209.97,2015-16
506,007,400,1052573.04,2015-16
507,007,410,21009372.57,2015-16
508,007,420,858073.8,2015-16
509,007,421,901851.31,2015-16
510,007,422,314188.32,2015-16
511,007,430,5938061.53,2015-16
512,007,440,2292363.17,2015-16
513,007,450,4104080.43,2015-16
514,007,460,982791.94,2015-16
515,007,470,2484905.69,2015-16
516,007,480,161225.07,2015-16
517,007,490,6250310.45,2015-16
518,007,491,1795671.32,2015-16
519,007,500,1206915.14,2015-16
520,007,510,9910468.82,2015-16
521,007,520,377841.93,2015-16
522,007,530,2939842.72,2015-16
523,007,540,2758525.88,2015-16
524,007,550,3269471.86,2015-16
525,007,560,1538881.33,2015-16
526,007,570,745486.24,2015-16
527,007,580,1038171.75,2015-16
528,007,590,1883492.04,2015-16
529,007,600,43611810.12,2015-16
530,007,610,639990.78,2015-16
531,007,620,1259451.05,2015-16
532,007,630,4145409.08,2015-16
533,007,640,4693180.39,2015-16
534,007,650,8387401.89,2015-16
535,007,660,600190.36,2015-16
536,007,670,7573152.62,2015-16
537,007,680,2336766.78,2015-16
538,007,681,3720787.12,2015-16
539,007,690,421509.86,2015-16
540,007,700,1792329.64,2015-16
541,007,710,2549308.61,2015-16
542,007,720,591155.54,2015-16
543,007,730,1316887.58,2015-16
544,007,740,6976966.31,2015-16
545,007,750,670932.44,2015-16
546,007,760,5480932.71,2015-16
547,007,761,1419986.84,2015-16
548,007,770,2283156.98,2015-16
549,007,780,6840589.51,2015-16
550,007,790,3952063.33,2015-16
551,007,800,6058749.24,2015-16
552,007,810,2587012.86,2015-16
553,007,820,2574392.89,2015-16
554,007,821,872882.25,2015-16
555,007,830,1806417.45,2015-16
556,007,840,2689733.21,2015-16
557,007,850,2020280.68,2015-16
558,007,860,2555258.33,2015-16
559,007,861,389515.01,2015-16
560,007,862,529683.71,2015-16
561,007,870,640673.35,2015-16
562,007,880,1004393.55,2015-16
563,007,890,230157.85,2015-16
564,007,900,12476787.52,2015-16
565,007,910,1972454.19,2015-16
566,007,920,48351508.73,2015-16
567,007,930,634085.25,2015-16
568,007,940,415371.43,2015-16
569,007,950,1383969.37,2015-16
570,007,960,5439453.79,2015-16
571,007,970,3210723.48,2015-16
572,007,980,3756593.17,2015-16
573,007,990,1706615.32,2015-16
574,007,995,716226.95,2015-16
575,009,010,1121202.17,2015-16
576,009,020,357005.61,2015-16
577,009,030,99449.63,2015-16
578,009,040,301931.2,2015-16
579,009,050,227128.46,2015-16
580,009,060,140034.88,2015-16
581,009,070,525574.31,2015-16
582,009,080,343424.17,2015-16
583,009,090,341383.36,2015-16
584,009,100,856657.78,2015-16
585,009,110,1523391.63,2015-16
586,009,111,239978.88,2015-16
587,009,120,847931.53,2015-16
588,009,130,1501653.55,2015-16
589,009,132,221063.25,2015-16
590,009,140,816397.67,2015-16
591,009,150,123809.92,2015-16
592,009,160,740016.22,2015-16
593,009,170,191033.68,2015-16
594,009,180,939543.16,2015-16
595,009,181,377415.38,2015-16
596,009,182,166971.59,2015-16
597,009,190,657128.25,2015-16
598,009,200,257491.83,2015-16
599,009,210,185551.89,2015-16
600,009,220,81547.38,2015-16
601,009,230,804674.87,2015-16
602,009,240,473787.9,2015-16
603,009,241,177858.46,2015-16
604,009,250,723774.22,2015-16
605,009,260,2745777.28,2015-16
606,009,270,309750.03,2015-16
607,009,280,437617.33,2015-16
608,009,290,908080.28,2015-16
609,009,291,149607.44,2015-16
610,009,292,173655.33,2015-16
611,009,300,387643.68,2015-16
612,009,310,428538.65,2015-16
613,009,320,2168973.78,2015-16
614,009,330,475931.5,2015-16
615,009,340,3476517.74,2015-16
616,009,350,689767.66,2015-16
617,009,360,1658547.75,2015-16
618,009,370,164429.08,2015-16
619,009,380,123546.57,2015-16
620,009,390,434052.05,2015-16
621,009,400,194328.79,2015-16
622,009,410,3267449.37,2015-16
623,009,420,473760.84,2015-16
624,009,421,180582.15,2015-16
625,009,422,136147.66,2015-16
626,009,430,943746.77,2015-16
627,009,440,411604.61,2015-16
628,009,450,720818.42,2015-16
629,009,460,255882.13,2015-16
630,009,470,549952.82,2015-16
631,009,480,82380.47,2015-16
632,009,490,785352.49,2015-16
633,009,491,267250.53,2015-16
634,009,500,267178.51,2015-16
635,009,510,1658962.03,2015-16
636,009,520,150844.23,2015-16
637,009,530,574875.25,2015-16
638,009,540,566936.26,2015-16
639,009,550,480410.15,2015-16
640,009,560,275088.82,2015-16
641,009,570,218987.92,2015-16
642,009,580,342117.53,2015-16
643,009,590,322368.69,2015-16
644,009,600,7755803.58,2015-16
645,009,610,270952.93,2015-16
646,009,620,324275.27,2015-16
647,009,630,829980.13,2015-16
648,009,640,919028.48,2015-16
649,009,650,1661932.24,2015-16
650,009,660,257359.07,2015-16
651,009,670,1363423.33,2015-16
652,009,680,462855.09,2015-16
653,009,681,496966.66,2015-16
654,009,690,162316.58,2015-16
655,009,700,563344.5,2015-16
656,009,710,588931.81,2015-16
657,009,720,243440.75,2015-16
658,009,730,285502.18,2015-16
659,009,740,1190537.17,2015-16
660,009,750,183149.87,2015-16
661,009,760,964588.89,2015-16
662,009,761,244286.84,2015-16
663,009,770,439066.42,2015-16
664,009,780,1311979.91,2015-16
665,009,790,861404.25,2015-16
666,009,800,1382708.44,2015-16
667,009,810,528754.24,2015-16
668,009,820,707658.96,2015-16
669,009,821,171505.09,2015-16
670,009,830,509079.48,2015-16
671,009,840,451501.76,2015-16
672,009,850,399016.34,2015-16
673,009,860,480572.16,2015-16
674,009,861,127853.89,2015-16
675,009,862,149007.49,2015-16
676,009,870,206384.5,2015-16
677,009,880,293371.31,2015-16
678,009,890,50643.07,2015-16
679,009,900,2087950.12,2015-16
680,009,910,466500.65,2015-16
681,009,920,9302879.54,2015-16
682,009,930,373202.48,2015-16
683,009,940,181671.49,2015-16
684,009,950,222395.59,2015-16
685,009,960,1215036.24,2015-16
686,009,970,640984.17,2015-16
687,009,980,796910.76,2015-16
688,009,990,331645.51,2015-16
689,009,995,160955.73,2015-16
690,010,060,117662.89,2015-16
691,010,110,4260238.0,2015-16
692,010,111,199735.0,2015-16
693,010,120,-136.43,2015-16
694,010,130,2835023.0,2015-16
695,010,132,747551.0,2015-16
696,010,140,587130.01,2015-16
697,010,160,250680.63,2015-16
698,010,180,631533.0,2015-16
699,010,250,1044104.63,2015-16
700,010,260,2625401.0,2015-16
701,010,310,565879.33,2015-16
702,010,320,3898940.0,2015-16
703,010,340,3205000.0,2015-16
704,010,350,620528.0,2015-16
705,010,360,3675833.0,2015-16
706,010,410,3000000.0,2015-16
707,010,440,360215.78,2015-16
708,010,450,947822.0,2015-16
709,010,470,73493.0,2015-16
710,010,510,2716656.45,2015-16
711,010,540,211260.0,2015-16
712,010,560,297172.0,2015-16
713,010,570,122375.0,2015-16
714,010,580,64247.0,2015-16
715,010,600,1730090.46,2015-16
716,010,650,1992561.56,2015-16
717,010,670,1000000.0,2015-16
718,010,740,1525051.0,2015-16
719,010,770,50000.0,2015-16
720,010,800,1407015.63,2015-16
721,010,820,1429921.28,2015-16
722,010,821,391045.8,2015-16
723,010,850,304164.0,2015-16
724,010,900,2420446.09,2015-16
725,010,910,618772.94,2015-16
726,010,920,19562911.0,2015-16
727,010,960,2076438.0,2015-16
728,010,970,386278.0,2015-16
729,011,010,372.46,2015-16
730,011,020,738.47,2015-16
731,011,050,290.65,2015-16
732,011,060,301.42,2015-16
733,011,070,393.99,2015-16
734,011,100,443.52,2015-16
735,011,110,1724.02,2015-16
736,011,130,204.53,2015-16
737,011,140,332.64,2015-16
738,011,180,307.88,2015-16
739,011,190,627.6,2015-16
740,011,230,393.99,2015-16
741,011,280,1341.86,2015-16
742,011,290,172.24,2015-16
743,011,291,43.06,2015-16
744,011,320,1372.72,2015-16
745,011,330,172.24,2015-16
746,011,340,807.4,2015-16
747,011,360,799.84,2015-16
748,011,410,455.36,2015-16
749,011,430,197.0,2015-16
750,011,440,4596.66,2015-16
751,011,450,720.18,2015-16
752,011,490,627.6,2015-16
753,011,510,86.12,2015-16
754,011,540,344.48,2015-16
755,011,550,129.18,2015-16
756,011,600,3158.9,2015-16
757,011,630,713.72,2015-16
758,011,650,1988.2,2015-16
759,011,670,430.6,2015-16
760,011,680,834.26,2015-16
761,011,730,738.48,2015-16
762,011,790,286.3,2015-16
763,011,810,55.44,2015-16
764,011,860,86.12,2015-16
765,011,900,197.0,2015-16
766,011,920,6335.85,2015-16
767,011,950,332.64,2015-16
768,011,960,627.6,2015-16
769,011,980,110.88,2015-16
770,011,995,484.45,2015-16
771,012,010,334707.0,2015-16
772,012,020,75045.0,2015-16
773,012,030,25241.0,2015-16
774,012,040,58613.0,2015-16
775,012,050,46924.0,2015-16
776,012,060,33880.0,2015-16
777,012,070,103991.05,2015-16
778,012,080,44214.0,2015-16
779,012,090,75215.0,2015-16
780,012,100,178957.61,2015-16
781,012,110,430282.0,2015-16
782,012,111,76739.0,2015-16
783,012,120,194135.0,2015-16
784,012,130,515322.0,2015-16
785,012,132,82499.0,2015-16
786,012,140,183124.0,2015-16
787,012,150,27410.0,2015-16
788,012,160,137010.0,2015-16
789,012,170,42351.0,2015-16
790,012,180,243939.0,2015-16
791,012,181,72165.0,2015-16
792,012,182,49635.0,2015-16
793,012,190,144331.0,2015-16
794,012,200,52684.0,2015-16
795,012,210,24334.36,2015-16
796,012,220,15584.7,2015-16
797,012,230,223442.0,2015-16
798,012,240,105199.0,2015-16
799,012,241,35405.0,2015-16
800,012,250,211414.0,2015-16
801,012,260,804490.92,2015-16
802,012,270,60138.0,2015-16
803,012,280,69624.0,2015-16
804,012,290,312886.0,2015-16
805,012,291,49465.0,2015-16
806,012,292,31451.25,2015-16
807,012,300,81853.99,2015-16
808,012,310,154156.0,2015-16
809,012,320,638647.0,2015-16
810,012,330,109942.0,2015-16
811,012,340,870219.0,2015-16
812,012,350,139574.24,2015-16
813,012,360,524639.0,2015-16
814,012,370,22869.0,2015-16
815,012,380,14384.4,2015-16
816,012,390,149074.01,2015-16
817,012,400,48788.0,2015-16
818,012,410,988298.36,2015-16
819,012,420,44044.74,2015-16
820,012,421,47602.0,2015-16
821,012,422,23716.0,2015-16
822,012,430,345919.0,2015-16
823,012,440,111467.0,2015-16
824,012,450,205993.0,2015-16
825,012,460,45061.0,2015-16
826,012,470,129254.0,2015-16
827,012,480,11689.0,2015-16
828,012,490,385390.0,2015-16
829,012,491,102150.0,2015-16
830,012,500,59968.0,2015-16
831,012,510,511418.37,2015-16
832,012,520,14230.0,2015-16
833,012,530,153309.0,2015-16
834,012,540,155681.0,2015-16
835,012,550,182977.87,2015-16
836,012,560,70492.02,2015-16
837,012,570,39471.0,2015-16
838,012,580,58274.0,2015-16
839,012,590,93341.0,2015-16
840,012,600,2629293.0,2015-16
841,012,610,35744.0,2015-16
842,012,620,60477.0,2015-16
843,012,630,197015.0,2015-16
844,012,640,262912.0,2015-16
845,012,650,348757.28,2015-16
846,012,660,56576.79,2015-16
847,012,670,213789.0,2015-16
848,012,680,124511.0,2015-16
849,012,681,174145.62,2015-16
850,012,690,31339.0,2015-16
851,012,700,86395.0,2015-16
852,012,710,144500.0,2015-16
853,012,720,21683.0,2015-16
854,012,730,85510.35,2015-16
855,012,740,405041.0,2015-16
856,012,750,32864.0,2015-16
857,012,760,296453.19,2015-16
858,012,761,46174.59,2015-16
859,012,770,105025.88,2015-16
860,012,780,355241.57,2015-16
861,012,790,212429.68,2015-16
862,012,800,289048.12,2015-16
863,012,820,134844.0,2015-16
864,012,821,43468.0,2015-16
865,012,830,101811.0,2015-16
866,012,840,143992.0,2015-16
867,012,850,93341.0,2015-16
868,012,860,131626.0,2015-16
869,012,861,16601.0,2015-16
870,012,862,35235.61,2015-16
871,012,870,46100.05,2015-16
872,012,880,60471.0,2015-16
873,012,890,5250.57,2015-16
874,012,900,703019.0,2015-16
875,012,910,107422.64,2015-16
876,012,920,2707143.21,2015-16
877,012,930,36959.05,2015-16
878,012,940,30154.0,2015-16
879,012,950,65559.0,2015-16
880,012,960,278328.0,2015-16
881,012,970,150090.0,2015-16
882,012,980,204637.38,2015-16
883,012,990,80127.0,2015-16
884,012,995,36083.0,2015-16
885,013,010,6168214.85,2015-16
886,013,020,1674999.38,2015-16
887,013,030,698748.49,2015-16
888,013,040,1094485.67,2015-16
889,013,050,969817.23,2015-16
890,013,060,868820.67,2015-16
891,013,070,2173076.92,2015-16
892,013,080,731360.14,2015-16
893,013,090,1606314.51,2015-16
894,013,100,3354886.0,2015-16
895,013,110,6911435.81,2015-16
896,013,111,1305015.14,2015-16
897,013,120,3664896.05,2015-16
898,013,130,7975751.95,2015-16
899,013,132,1526867.7,2015-16
900,013,140,3699988.43,2015-16
901,013,150,713946.55,2015-16
902,013,160,2462237.64,2015-16
903,013,170,992152.52,2015-16
904,013,180,4942945.54,2015-16
905,013,181,1261310.69,2015-16
906,013,182,950537.57,2015-16
907,013,190,2509469.84,2015-16
908,013,200,1271767.75,2015-16
909,013,210,733220.92,2015-16
910,013,220,536819.61,2015-16
911,013,230,4385488.97,2015-16
912,013,240,2040969.57,2015-16
913,013,241,859908.08,2015-16
914,013,250,3853606.74,2015-16
915,013,260,13456090.84,2015-16
916,013,270,1238395.77,2015-16
917,013,280,1408078.53,2015-16
918,013,290,5783242.07,2015-16
919,013,291,966476.66,2015-16
920,013,292,864379.56,2015-16
921,013,300,1918042.17,2015-16
922,013,310,2648035.04,2015-16
923,013,320,7662451.03,2015-16
924,013,330,1894313.25,2015-16
925,013,340,12008168.15,2015-16
926,013,350,2626714.6,2015-16
927,013,360,8681901.51,2015-16
928,013,370,668118.06,2015-16
929,013,380,596136.43,2015-16
930,013,390,2414977.85,2015-16
931,013,400,1167159.65,2015-16
932,013,410,19215397.52,2015-16
933,013,420,916326.42,2015-16
934,013,421,1044966.35,2015-16
935,013,422,482655.34,2015-16
936,013,430,5207114.86,2015-16
937,013,440,2121623.8,2015-16
938,013,450,3632179.04,2015-16
939,013,460,921482.33,2015-16
940,013,470,2125605.47,2015-16
941,013,480,411345.26,2015-16
942,013,490,5653359.39,2015-16
943,013,491,1640569.62,2015-16
944,013,500,1271090.34,2015-16
945,013,510,8580876.7,2015-16
946,013,520,581344.57,2015-16
947,013,530,2843383.43,2015-16
948,013,540,2759545.48,2015-16
949,013,550,3344519.32,2015-16
950,013,560,1382515.49,2015-16
951,013,570,1034193.77,2015-16
952,013,580,1028545.68,2015-16
953,013,590,1803884.84,2015-16
954,013,600,30899117.08,2015-16
955,013,610,850625.31,2015-16
956,013,620,1185718.79,2015-16
957,013,630,3634831.42,2015-16
958,013,640,4369373.39,2015-16
959,013,650,6416712.64,2015-16
960,013,660,648539.11,2015-16
961,013,670,6141370.97,2015-16
962,013,680,2319178.52,2015-16
963,013,681,2608613.55,2015-16
964,013,690,695616.78,2015-16
965,013,700,1727631.97,2015-16
966,013,710,2732799.74,2015-16
967,013,720,717216.16,2015-16
968,013,730,1401703.87,2015-16
969,013,740,6370260.37,2015-16
970,013,750,868134.64,2015-16
971,013,760,4740968.02,2015-16
972,013,761,1305518.49,2015-16
973,013,770,2280778.88,2015-16
974,013,780,6247882.19,2015-16
975,013,790,3901631.28,2015-16
976,013,800,5194834.41,2015-16
977,013,810,2529832.07,2015-16
978,013,820,2491337.11,2015-16
979,013,821,983601.54,2015-16
980,013,830,1879117.65,2015-16
981,013,840,2567679.51,2015-16
982,013,850,2256980.33,2015-16
983,013,860,2490052.95,2015-16
984,013,861,579246.25,2015-16
985,013,862,758441.09,2015-16
986,013,870,807464.79,2015-16
987,013,880,1314374.83,2015-16
988,013,890,279156.6,2015-16
989,013,900,10067187.98,2015-16
990,013,910,1889724.7,2015-16
991,013,920,38519502.1,2015-16
992,013,930,734536.22,2015-16
993,013,940,644710.57,2015-16
994,013,950,1160063.49,2015-16
995,013,960,5339423.96,2015-16
996,013,970,2816869.98,2015-16
997,013,980,3386271.43,2015-16
998,013,990,1868546.19,2015-16
999,013,995,879346.65,2015-16
1000,014,010,583076.2,2015-16
1001,014,020,115668.0,2015-16
1002,014,030,47649.0,2015-16
1003,014,040,150110.0,2015-16
1004,014,050,225983.0,2015-16
1005,014,060,59425.0,2015-16
1006,014,070,121195.0,2015-16
1007,014,080,182605.53,2015-16
1008,014,090,78202.97,2015-16
1009,014,100,514123.0,2015-16
1010,014,110,365586.0,2015-16
1011,014,111,194311.0,2015-16
1012,014,120,362775.0,2015-16
1013,014,130,1103731.0,2015-16
1014,014,132,179663.01,2015-16
1015,014,140,309142.12,2015-16
1016,014,150,133709.62,2015-16
1017,014,160,313866.0,2015-16
1018,014,170,58832.0,2015-16
1019,014,180,334654.01,2015-16
1020,014,181,177226.0,2015-16
1021,014,182,313477.0,2015-16
1022,014,190,180958.0,2015-16
1023,014,200,69909.28,2015-16
1024,014,210,133538.66,2015-16
1025,014,220,102028.12,2015-16
1026,014,230,403738.0,2015-16
1027,014,240,99922.0,2015-16
1028,014,241,116319.57,2015-16
1029,014,250,233827.0,2015-16
1030,014,260,816280.0,2015-16
1031,014,270,194105.0,2015-16
1032,014,280,61700.69,2015-16
1033,014,290,309052.63,2015-16
1034,014,291,146230.0,2015-16
1035,014,292,84871.0,2015-16
1036,014,300,99022.0,2015-16
1037,014,310,155497.0,2015-16
1038,014,320,1389770.0,2015-16
1039,014,330,116615.0,2015-16
1040,014,340,1008617.82,2015-16
1041,014,350,136134.0,2015-16
1042,014,360,692041.0,2015-16
1043,014,370,217172.0,2015-16
1044,014,380,77153.37,2015-16
1045,014,390,139666.0,2015-16
1046,014,400,56859.0,2015-16
1047,014,410,1748005.0,2015-16
1048,014,420,126476.26,2015-16
1049,014,421,142200.93,2015-16
1050,014,422,149250.83,2015-16
1051,014,430,410901.0,2015-16
1052,014,440,126817.0,2015-16
1053,014,450,462184.0,2015-16
1054,014,460,199153.0,2015-16
1055,014,470,299574.0,2015-16
1056,014,480,58892.0,2015-16
1057,014,490,1081362.0,2015-16
1058,014,491,373023.0,2015-16
1059,014,500,83270.0,2015-16
1060,014,510,789468.39,2015-16
1061,014,520,30366.0,2015-16
1062,014,530,148203.0,2015-16
1063,014,540,147447.0,2015-16
1064,014,550,210603.91,2015-16
1065,014,560,181828.0,2015-16
1066,014,570,88001.0,2015-16
1067,014,580,146537.0,2015-16
1068,014,590,278603.22,2015-16
1069,014,600,5927135.47,2015-16
1070,014,610,86610.99,2015-16
1071,014,620,341804.0,2015-16
1072,014,630,328561.1,2015-16
1073,014,640,379303.0,2015-16
1074,014,650,652294.09,2015-16
1075,014,660,120794.36,2015-16
1076,014,670,431616.0,2015-16
1077,014,680,304747.65,2015-16
1078,014,681,1004980.42,2015-16
1079,014,690,46483.0,2015-16
1080,014,700,87091.46,2015-16
1081,014,710,150082.01,2015-16
1082,014,720,95500.0,2015-16
1083,014,730,159278.0,2015-16
1084,014,740,329762.0,2015-16
1085,014,750,93552.98,2015-16
1086,014,760,405138.17,2015-16
1087,014,761,210028.68,2015-16
1088,014,770,127589.0,2015-16
1089,014,780,351846.21,2015-16
1090,014,790,258676.93,2015-16
1091,014,800,533566.78,2015-16
1092,014,810,197725.41,2015-16
1093,014,820,178892.0,2015-16
1094,014,821,138736.0,2015-16
1095,014,830,141912.0,2015-16
1096,014,840,133258.0,2015-16
1097,014,850,109941.0,2015-16
1098,014,860,279008.73,2015-16
1099,014,861,88953.0,2015-16
1100,014,862,31590.68,2015-16
1101,014,870,81788.82,2015-16
1102,014,880,65564.0,2015-16
1103,014,890,173189.0,2015-16
1104,014,900,1662580.0,2015-16
1105,014,910,97862.0,2015-16
1106,014,920,3451666.51,2015-16
1107,014,930,244287.17,2015-16
1108,014,940,70904.0,2015-16
1109,014,950,262575.0,2015-16
1110,014,960,266313.0,2015-16
1111,014,970,344095.46,2015-16
1112,014,980,231531.43,2015-16
1113,014,990,93835.14,2015-16
1114,014,995,51270.0,2015-16
1115,015,010,762727.78,2015-16
1116,015,020,52327.65,2015-16
1117,015,030,15442.0,2015-16
1118,015,040,78886.68,2015-16
1119,015,050,20891.85,2015-16
1120,015,060,50355.13,2015-16
1121,015,070,73270.37,2015-16
1122,015,080,28034.46,2015-16
1123,015,090,53327.17,2015-16
1124,015,100,135240.99,2015-16
1125,015,110,277664.08,2015-16
1126,015,111,62682.57,2015-16
1127,015,120,-76051.57,2015-16
1128,015,130,366961.0,2015-16
1129,015,132,63592.0,2015-16
1130,015,140,199532.0,2015-16
1131,015,150,21257.5,2015-16
1132,015,160,113887.79,2015-16
1133,015,170,113151.79,2015-16
1134,015,180,263600.65,2015-16
1135,015,181,87100.75,2015-16
1136,015,182,37702.0,2015-16
1137,015,190,99136.0,2015-16
1138,015,200,45232.54,2015-16
1139,015,210,23635.0,2015-16
1140,015,220,15504.0,2015-16
1141,015,230,177487.52,2015-16
1142,015,240,115467.18,2015-16
1143,015,241,28537.56,2015-16
1144,015,250,155559.85,2015-16
1145,015,260,570746.5,2015-16
1146,015,270,45960.0,2015-16
1147,015,280,56971.78,2015-16
1148,015,290,209633.1,2015-16
1149,015,291,35587.0,2015-16
1150,015,292,31484.75,2015-16
1151,015,300,74302.0,2015-16
1152,015,310,116536.0,2015-16
1153,015,320,1383403.17,2015-16
1154,015,330,76017.82,2015-16
1155,015,340,790021.64,2015-16
1156,015,350,131031.14,2015-16
1157,015,360,384772.0,2015-16
1158,015,370,19452.0,2015-16
1159,015,380,3967.93,2015-16
1160,015,390,94676.0,2015-16
1161,015,400,37628.85,2015-16
1162,015,410,801393.79,2015-16
1163,015,420,39799.77,2015-16
1164,015,421,34181.51,2015-16
1165,015,422,11059.0,2015-16
1166,015,430,218857.47,2015-16
1167,015,440,75326.28,2015-16
1168,015,450,475824.11,2015-16
1169,015,460,79575.64,2015-16
1170,015,470,100423.0,2015-16
1171,015,480,4959.72,2015-16
1172,015,490,244180.0,2015-16
1173,015,491,69982.2,2015-16
1174,015,500,40373.38,2015-16
1175,015,510,59982.59,2015-16
1176,015,520,12065.24,2015-16
1177,015,530,118824.0,2015-16
1178,015,540,104286.65,2015-16
1179,015,550,151020.06,2015-16
1180,015,560,52144.0,2015-16
1181,015,570,31834.86,2015-16
1182,015,580,82226.43,2015-16
1183,015,590,74159.0,2015-16
1184,015,600,2241504.41,2015-16
1185,015,610,29452.0,2015-16
1186,015,620,47922.0,2015-16
1187,015,630,153045.0,2015-16
1188,015,640,186427.0,2015-16
1189,015,650,506652.02,2015-16
1190,015,660,23956.71,2015-16
1191,015,670,98214.09,2015-16
1192,015,680,121427.13,2015-16
1193,015,681,133863.83,2015-16
1194,015,690,14837.0,2015-16
1195,015,700,10859.25,2015-16
1196,015,710,208654.44,2015-16
1197,015,720,21599.01,2015-16
1198,015,730,10129.92,2015-16
1199,015,740,548818.18,2015-16
1200,015,750,23701.61,2015-16
1201,015,760,253539.06,2015-16
1202,015,761,111949.56,2015-16
1203,015,770,55409.06,2015-16
1204,015,780,351220.89,2015-16
1205,015,790,115433.86,2015-16
1206,015,800,332.1,2015-16
1207,015,810,133132.89,2015-16
1208,015,820,101468.0,2015-16
1209,015,821,0.0,2015-16
1210,015,830,70265.0,2015-16
1211,015,840,101191.0,2015-16
1212,015,850,224826.42,2015-16
1213,015,860,103457.99,2015-16
1214,015,861,13435.0,2015-16
1215,015,862,16187.24,2015-16
1216,015,870,24121.61,2015-16
1217,015,880,25864.58,2015-16
1218,015,890,36245.99,2015-16
1219,015,900,489708.0,2015-16
1220,015,910,14207.35,2015-16
1221,015,920,2846855.65,2015-16
1222,015,930,27317.0,2015-16
1223,015,940,19286.0,2015-16
1224,015,950,50780.0,2015-16
1225,015,960,387891.5,2015-16
1226,015,970,115773.0,2015-16
1227,015,980,-1100.47,2015-16
1228,015,990,78707.56,2015-16
1229,015,995,28545.53,2015-16
1230,016,010,655719.78,2015-16
1231,016,020,60283.73,2015-16
1232,016,030,34262.0,2015-16
1233,016,040,70055.93,2015-16
1234,016,050,92001.49,2015-16
1235,016,060,51884.74,2015-16
1236,016,070,116651.85,2015-16
1237,016,080,37449.45,2015-16
1238,016,090,82785.49,2015-16
1239,016,100,121810.2,2015-16
1240,016,110,364348.76,2015-16
1241,016,111,48946.35,2015-16
1242,016,120,227681.39,2015-16
1243,016,130,264140.88,2015-16
1244,016,132,83757.04,2015-16
1245,016,140,137906.98,2015-16
1246,016,150,28827.02,2015-16
1247,016,160,64169.72,2015-16
1248,016,170,37242.06,2015-16
1249,016,180,157914.35,2015-16
1250,016,181,51176.61,2015-16
1251,016,182,42482.88,2015-16
1252,016,190,144038.13,2015-16
1253,016,200,43497.11,2015-16
1254,016,210,105818.7,2015-16
1255,016,220,38577.33,2015-16
1256,016,230,134387.73,2015-16
1257,016,240,78669.37,2015-16
1258,016,241,25428.36,2015-16
1259,016,250,156168.86,2015-16
1260,016,260,533679.17,2015-16
1261,016,270,93328.67,2015-16
1262,016,280,73777.63,2015-16
1263,016,290,479122.93,2015-16
1264,016,291,75876.8,2015-16
1265,016,292,18966.25,2015-16
1266,016,300,90115.76,2015-16
1267,016,310,153250.27,2015-16
1268,016,320,750358.04,2015-16
1269,016,330,130676.18,2015-16
1270,016,340,528789.24,2015-16
1271,016,350,105342.88,2015-16
1272,016,360,371016.56,2015-16
1273,016,370,39626.99,2015-16
1274,016,380,29011.94,2015-16
1275,016,390,177143.82,2015-16
1276,016,400,183752.65,2015-16
1277,016,410,1535944.69,2015-16
1278,016,420,89872.52,2015-16
1279,016,421,72028.19,2015-16
1280,016,422,34279.92,2015-16
1281,016,430,579868.29,2015-16
1282,016,440,116771.45,2015-16
1283,016,450,152150.71,2015-16
1284,016,460,84078.13,2015-16
1285,016,470,270356.89,2015-16
1286,016,480,19394.68,2015-16
1287,016,490,241793.98,2015-16
1288,016,491,31594.48,2015-16
1289,016,500,117080.36,2015-16
1290,016,510,366450.2,2015-16
1291,016,520,14618.01,2015-16
1292,016,530,58548.67,2015-16
1293,016,540,118608.69,2015-16
1294,016,550,124642.66,2015-16
1295,016,560,52476.55,2015-16
1296,016,570,37147.58,2015-16
1297,016,580,183570.11,2015-16
1298,016,590,84590.47,2015-16
1299,016,600,343706.12,2015-16
1300,016,610,39651.84,2015-16
1301,016,620,93436.41,2015-16
1302,016,630,87459.41,2015-16
1303,016,640,325971.94,2015-16
1304,016,650,392406.16,2015-16
1305,016,660,30834.61,2015-16
1306,016,670,214905.67,2015-16
1307,016,680,87857.54,2015-16
1308,016,681,94957.21,2015-16
1309,016,690,20693.76,2015-16
1310,016,700,132418.48,2015-16
1311,016,710,238459.23,2015-16
1312,016,720,30406.73,2015-16
1313,016,730,82465.02,2015-16
1314,016,740,370551.43,2015-16
1315,016,750,11918.23,2015-16
1316,016,760,288765.36,2015-16
1317,016,761,78060.76,2015-16
1318,016,770,183983.16,2015-16
1319,016,780,496104.51,2015-16
1320,016,790,149634.98,2015-16
1321,016,800,282421.04,2015-16
1322,016,810,137481.5,2015-16
1323,016,820,87496.42,2015-16
1324,016,821,95949.42,2015-16
1325,016,830,74727.66,2015-16
1326,016,840,48222.75,2015-16
1327,016,850,49788.3,2015-16
1328,016,860,135129.92,2015-16
1329,016,861,20310.44,2015-16
1330,016,862,36366.64,2015-16
1331,016,870,60327.56,2015-16
1332,016,880,35267.71,2015-16
1333,016,890,18886.47,2015-16
1334,016,900,376717.07,2015-16
1335,016,910,237728.5,2015-16
1336,016,920,1035711.94,2015-16
1337,016,930,63524.89,2015-16
1338,016,940,52498.31,2015-16
1339,016,950,43383.41,2015-16
1340,016,960,322888.49,2015-16
1341,016,970,93949.08,2015-16
1342,016,980,81487.2,2015-16
1343,016,990,189825.28,2015-16
1344,016,995,49415.21,2015-16
1345,018,010,28365.7,2015-16
1346,018,090,9675.04,2015-16
1347,018,150,1344.36,2015-16
1348,018,210,358.5,2015-16
1349,018,330,35497.96,2015-16
1350,018,480,1792.48,2015-16
1351,018,490,4110.88,2015-16
1352,018,550,2318.4,2015-16
1353,018,580,45834.48,2015-16
1354,018,760,5177.68,2015-16
1355,018,800,18821.04,2015-16
1356,018,850,9967.56,2015-16
1357,019,030,1548700.0,2015-16
1358,019,040,1118209.0,2015-16
1359,019,050,1548000.0,2015-16
1360,019,060,1560263.96,2015-16
1361,019,080,1429926.68,2015-16
1362,019,150,1598744.41,2015-16
1363,019,170,1586863.45,2015-16
1364,019,210,1541613.45,2015-16
1365,019,220,1691948.42,2015-16
1366,019,370,1907135.0,2015-16
1367,019,380,1843419.41,2015-16
1368,019,400,1904000.0,2015-16
1369,019,460,1985714.0,2015-16
1370,019,480,1709407.0,2015-16
1371,019,520,1928743.99,2015-16
1372,019,570,1467515.0,2015-16
1373,019,580,681790.0,2015-16
1374,019,610,1722484.04,2015-16
1375,019,660,1592771.82,2015-16
1376,019,690,1820000.0,2015-16
1377,019,720,1586278.0,2015-16
1378,019,750,1671698.99,2015-16
1379,019,870,1657968.43,2015-16
1380,019,890,1709864.65,2015-16
1381,019,930,1467489.0,2015-16
1382,019,940,1151511.0,2015-16
1383,019,995,1788166.0,2015-16
1384,020,010,1883498.0,2015-16
1385,020,070,103896.0,2015-16
1386,020,080,300456.68,2015-16
1387,020,110,789659.5,2015-16
1388,020,130,972128.0,2015-16
1389,020,170,51084.95,2015-16
1390,020,181,54682.0,2015-16
1391,020,182,60758.0,2015-16
1392,020,190,1093644.0,2015-16
1393,020,230,243032.0,2015-16
1394,020,260,9113700.0,2015-16
1395,020,310,425306.0,2015-16
1396,020,320,880991.0,2015-16
1397,020,330,911370.0,2015-16
1398,020,340,2065772.0,2015-16
1399,020,350,60758.0,2015-16
1400,020,360,868839.0,2015-16
1401,020,400,352397.0,2015-16
1402,020,410,1336676.0,2015-16
1403,020,420,874036.32,2015-16
1404,020,422,121516.0,2015-16
1405,020,430,1761982.0,2015-16
1406,020,450,394927.0,2015-16
1407,020,470,607210.6,2015-16
1408,020,490,467837.0,2015-16
1409,020,510,1810588.0,2015-16
1410,020,540,60758.0,2015-16
1411,020,590,243032.0,2015-16
1412,020,600,5346704.0,2015-16
1413,020,630,486064.0,2015-16
1414,020,650,425306.0,2015-16
1415,020,660,121516.09,2015-16
1416,020,670,2673352.0,2015-16
1417,020,680,53084.17,2015-16
1418,020,681,1603208.65,2015-16
1419,020,700,243031.81,2015-16
1420,020,720,60758.0,2015-16
1421,020,740,182274.0,2015-16
1422,020,760,364547.2,2015-16
1423,020,790,364547.86,2015-16
1424,020,830,546822.0,2015-16
1425,020,900,4860640.0,2015-16
1426,020,910,2825247.0,2015-16
1427,020,920,2564748.0,2015-16
1428,020,930,607579.71,2015-16
1429,020,940,121516.0,2015-16
1430,020,960,595428.0,2015-16
1431,020,970,156148.0,2015-16
1432,020,980,729095.14,2015-16
1433,021,181,4212.98,2015-16
1434,021,470,7946.54,2015-16
1435,021,490,8446.35,2015-16
1436,021,730,7518.98,2015-16
1437,021,810,1671.55,2015-16
1438,021,990,8271.84,2015-16
1439,024,010,1147175.54,2015-16
1440,024,020,311357.97,2015-16
1441,024,030,50320.0,2015-16
1442,024,040,282704.0,2015-16
1443,024,050,112626.0,2015-16
1444,024,060,76132.22,2015-16
1445,024,070,286814.0,2015-16
1446,024,080,228925.58,2015-16
1447,024,090,374106.0,2015-16
1448,024,100,475182.0,2015-16
1449,024,110,23626.45,2015-16
1450,024,111,197117.0,2015-16
1451,024,130,842028.0,2015-16
1452,024,132,319055.0,2015-16
1453,024,140,808067.04,2015-16
1454,024,150,88485.71,2015-16
1455,024,160,290961.8,2015-16
1456,024,170,180837.87,2015-16
1457,024,180,512078.0,2015-16
1458,024,181,166745.0,2015-16
1459,024,182,134628.0,2015-16
1460,024,190,253268.0,2015-16
1461,024,200,120295.12,2015-16
1462,024,210,94697.0,2015-16
1463,024,220,19000.0,2015-16
1464,024,230,1033610.0,2015-16
1465,024,240,468256.0,2015-16
1466,024,241,184760.34,2015-16
1467,024,250,526447.0,2015-16
1468,024,260,1893480.0,2015-16
1469,024,270,138827.0,2015-16
1470,024,280,141218.0,2015-16
1471,024,290,846048.8,2015-16
1472,024,291,868674.0,2015-16
1473,024,292,742897.68,2015-16
1474,024,300,182633.0,2015-16
1475,024,310,723878.0,2015-16
1476,024,320,1272149.0,2015-16
1477,024,330,1896911.0,2015-16
1478,024,350,1970290.96,2015-16
1479,024,360,414989.0,2015-16
1480,024,380,46637.11,2015-16
1481,024,390,457380.0,2015-16
1482,024,400,263681.0,2015-16
1483,024,410,2435957.0,2015-16
1484,024,420,1200794.7,2015-16
1485,024,421,177345.0,2015-16
1486,024,422,284772.91,2015-16
1487,024,430,1393979.0,2015-16
1488,024,440,248308.0,2015-16
1489,024,450,107564.0,2015-16
1490,024,460,680563.0,2015-16
1491,024,470,2162889.0,2015-16
1492,024,480,162750.0,2015-16
1493,024,490,633410.0,2015-16
1494,024,491,184269.0,2015-16
1495,024,500,132131.0,2015-16
1496,024,510,2109629.87,2015-16
1497,024,520,73006.0,2015-16
1498,024,530,559620.0,2015-16
1499,024,540,716230.0,2015-16
1500,024,550,392240.29,2015-16
1501,024,560,131424.0,2015-16
1502,024,570,93964.0,2015-16
1503,024,580,268200.0,2015-16
1504,024,590,390833.82,2015-16
1505,024,600,4813120.0,2015-16
1506,024,610,68299.28,2015-16
1507,024,620,1417800.8,2015-16
1508,024,640,951342.0,2015-16
1509,024,650,896741.68,2015-16
1510,024,660,788155.35,2015-16
1511,024,670,874964.0,2015-16
1512,024,680,235843.0,2015-16
1513,024,681,254085.84,2015-16
1514,024,690,50954.0,2015-16
1515,024,710,489846.05,2015-16
1516,024,720,78315.0,2015-16
1517,024,730,247844.71,2015-16
1518,024,740,1400949.9,2015-16
1519,024,750,47650.0,2015-16
1520,024,760,1031140.24,2015-16
1521,024,761,313366.23,2015-16
1522,024,770,582889.0,2015-16
1523,024,780,5499915.13,2015-16
1524,024,790,860962.15,2015-16
1525,024,800,1030658.82,2015-16
1526,024,820,618671.0,2015-16
1527,024,821,245698.78,2015-16
1528,024,830,468309.0,2015-16
1529,024,840,517097.0,2015-16
1530,024,850,371434.0,2015-16
1531,024,860,520668.0,2015-16
1532,024,861,77868.0,2015-16
1533,024,862,83190.68,2015-16
1534,024,870,130143.55,2015-16
1535,024,880,117717.8,2015-16
1536,024,890,38197.25,2015-16
1537,024,900,1239799.0,2015-16
1538,024,910,2009071.0,2015-16
1539,024,920,3510699.03,2015-16
1540,024,930,767341.0,2015-16
1541,024,940,529284.0,2015-16
1542,024,950,130471.0,2015-16
1543,024,960,1296818.42,2015-16
1544,024,970,339097.0,2015-16
1545,024,990,314485.94,2015-16
1546,024,995,81418.0,2015-16
1547,025,050,0.0,2015-16
1548,025,060,455.01,2015-16
1549,025,140,0.0,2015-16
1550,025,170,0.0,2015-16
1551,025,180,1849.0,2015-16
1552,025,200,0.0,2015-16
1553,025,210,0.0,2015-16
1554,025,330,8403.0,2015-16
1555,025,380,0.0,2015-16
1556,025,420,602.57,2015-16
1557,025,440,0.0,2015-16
1558,025,510,0.0,2015-16
1559,025,550,57.01,2015-16
1560,025,660,253.36,2015-16
1561,025,761,0.0,2015-16
1562,025,800,0.0,2015-16
1563,025,862,0.0,2015-16
1564,025,890,0.0,2015-16
1565,025,900,0.0,2015-16
1566,027,010,5476526.0,2015-16
1567,027,020,1252065.66,2015-16
1568,027,030,325375.0,2015-16
1569,027,040,903389.27,2015-16
1570,027,050,764649.0,2015-16
1571,027,060,488233.56,2015-16
1572,027,070,1626058.0,2015-16
1573,027,080,465790.62,2015-16
1574,027,090,1154124.0,2015-16
1575,027,100,2920604.0,2015-16
1576,027,110,5760844.0,2015-16
1577,027,111,1212938.0,2015-16
1578,027,120,2944103.41,2015-16
1579,027,130,7051432.0,2015-16
1580,027,132,1395359.0,2015-16
1581,027,140,2749174.0,2015-16
1582,027,150,389294.35,2015-16
1583,027,160,1820611.83,2015-16
1584,027,170,686698.42,2015-16
1585,027,180,3773406.0,2015-16
1586,027,181,1073218.0,2015-16
1587,027,182,763653.0,2015-16
1588,027,190,1951687.0,2015-16
1589,027,200,731088.04,2015-16
1590,027,210,562346.0,2015-16
1591,027,220,341635.37,2015-16
1592,027,230,3524950.0,2015-16
1593,027,240,1414906.26,2015-16
1594,027,241,504439.0,2015-16
1595,027,250,3708268.46,2015-16
1596,027,260,12566219.26,2015-16
1597,027,270,893777.0,2015-16
1598,027,280,1121258.96,2015-16
1599,027,290,4371828.47,2015-16
1600,027,291,965595.0,2015-16
1601,027,292,617006.18,2015-16
1602,027,300,1479798.0,2015-16
1603,027,310,2470726.0,2015-16
1604,027,320,8668109.0,2015-16
1605,027,330,1480674.0,2015-16
1606,027,340,13385509.0,2015-16
1607,027,350,2071685.18,2015-16
1608,027,360,7507722.0,2015-16
1609,027,370,373976.0,2015-16
1610,027,380,276187.88,2015-16
1611,027,390,1805409.96,2015-16
1612,027,400,804600.0,2015-16
1613,027,410,16862868.0,2015-16
1614,027,420,798925.61,2015-16
1615,027,421,648310.0,2015-16
1616,027,422,242427.44,2015-16
1617,027,430,5182749.0,2015-16
1618,027,440,1725387.0,2015-16
1619,027,450,3292988.0,2015-16
1620,027,460,730086.0,2015-16
1621,027,470,2338022.99,2015-16
1622,027,480,162795.0,2015-16
1623,027,490,4519848.0,2015-16
1624,027,491,1382240.0,2015-16
1625,027,500,941713.0,2015-16
1626,027,510,8177477.65,2015-16
1627,027,520,325021.0,2015-16
1628,027,530,2505789.8,2015-16
1629,027,540,2243421.33,2015-16
1630,027,550,2667098.99,2015-16
1631,027,560,1090479.0,2015-16
1632,027,570,536358.0,2015-16
1633,027,580,908407.0,2015-16
1634,027,590,1576621.02,2015-16
1635,027,600,37813312.0,2015-16
1636,027,610,455433.51,2015-16
1637,027,620,999979.0,2015-16
1638,027,630,2956899.0,2015-16
1639,027,640,3953417.77,2015-16
1640,027,650,6384702.0,2015-16
1641,027,660,537813.01,2015-16
1642,027,670,7313666.0,2015-16
1643,027,680,1621459.0,2015-16
1644,027,681,2799246.31,2015-16
1645,027,690,276751.0,2015-16
1646,027,700,1491332.0,2015-16
1647,027,710,2049735.53,2015-16
1648,027,720,451134.0,2015-16
1649,027,730,1218459.41,2015-16
1650,027,740,5889479.0,2015-16
1651,027,750,520238.0,2015-16
1652,027,760,4069301.66,2015-16
1653,027,761,1190550.27,2015-16
1654,027,770,1838362.0,2015-16
1655,027,780,6313703.79,2015-16
1656,027,790,2848618.85,2015-16
1657,027,800,4885687.53,2015-16
1658,027,810,2029708.17,2015-16
1659,027,820,2049125.55,2015-16
1660,027,821,799993.75,2015-16
1661,027,830,1545003.0,2015-16
1662,027,840,2145421.0,2015-16
1663,027,850,1399155.0,2015-16
1664,027,860,1951882.65,2015-16
1665,027,861,276518.0,2015-16
1666,027,862,382186.18,2015-16
1667,027,870,503413.91,2015-16
1668,027,880,763584.28,2015-16
1669,027,890,153648.32,2015-16
1670,027,900,9246008.0,2015-16
1671,027,910,1810077.0,2015-16
1672,027,920,38145376.0,2015-16
1673,027,930,585060.0,2015-16
1674,027,940,438745.0,2015-16
1675,027,950,1088757.85,2015-16
1676,027,960,4670246.56,2015-16
1677,027,970,2324885.0,2015-16
1678,027,980,2993533.21,2015-16
1679,027,990,1269137.2,2015-16
1680,027,995,503987.0,2015-16
1681,029,010,102024.0,2015-16
1682,029,020,78328.9,2015-16
1683,029,030,28700.0,2015-16
1684,029,040,114001.84,2015-16
1685,029,050,31282.0,2015-16
1686,029,060,28948.97,2015-16
1687,029,070,80999.7,2015-16
1688,029,080,70738.92,2015-16
1689,029,090,119128.0,2015-16
1690,029,100,55513.0,2015-16
1691,029,110,186871.0,2015-16
1692,029,111,97101.0,2015-16
1693,029,120,189950.9,2015-16
1694,029,130,170267.0,2015-16
1695,029,132,110000.0,2015-16
1696,029,140,120959.0,2015-16
1697,029,150,16500.0,2015-16
1698,029,160,91001.72,2015-16
1699,029,170,101507.81,2015-16
1700,029,180,138066.0,2015-16
1701,029,181,81801.0,2015-16
1702,029,182,90824.73,2015-16
1703,029,190,69750.0,2015-16
1704,029,200,74498.68,2015-16
1705,029,210,64636.13,2015-16
1706,029,220,50554.0,2015-16
1707,029,230,170190.0,2015-16
1708,029,240,197181.29,2015-16
1709,029,241,78162.25,2015-16
1710,029,250,79200.0,2015-16
1711,029,260,245140.0,2015-16
1712,029,270,79000.0,2015-16
1713,029,280,115000.0,2015-16
1714,029,290,92664.76,2015-16
1715,029,291,114648.0,2015-16
1716,029,292,100000.0,2015-16
1717,029,300,104663.0,2015-16
1718,029,310,80647.0,2015-16
1719,029,320,181088.16,2015-16
1720,029,330,122486.71,2015-16
1721,029,340,205397.0,2015-16
1722,029,350,121694.0,2015-16
1723,029,360,86648.51,2015-16
1724,029,370,72500.0,2015-16
1725,029,380,30116.09,2015-16
1726,029,390,87266.16,2015-16
1727,029,400,75000.0,2015-16
1728,029,410,153462.0,2015-16
1729,029,420,53512.09,2015-16
1730,029,421,81472.7,2015-16
1731,029,422,74981.18,2015-16
1732,029,430,87505.0,2015-16
1733,029,440,98971.87,2015-16
1734,029,450,107122.0,2015-16
1735,029,460,77000.0,2015-16
1736,029,470,101690.0,2015-16
1737,029,480,54200.0,2015-16
1738,029,490,105173.0,2015-16
1739,029,491,89011.0,2015-16
1740,029,500,102387.0,2015-16
1741,029,510,105575.62,2015-16
1742,029,520,35000.0,2015-16
1743,029,530,90079.0,2015-16
1744,029,540,104000.0,2015-16
1745,029,550,121630.37,2015-16
1746,029,560,63920.0,2015-16
1747,029,570,79265.91,2015-16
1748,029,580,88600.0,2015-16
1749,029,590,84327.58,2015-16
1750,029,600,258060.0,2015-16
1751,029,610,50702.47,2015-16
1752,029,620,80834.21,2015-16
1753,029,630,120000.0,2015-16
1754,029,640,161698.28,2015-16
1755,029,650,147000.0,2015-16
1756,029,660,87985.72,2015-16
1757,029,670,78779.0,2015-16
1758,029,680,92647.01,2015-16
1759,029,681,114838.04,2015-16
1760,029,690,45703.0,2015-16
1761,029,700,87278.36,2015-16
1762,029,710,89701.35,2015-16
1763,029,720,88683.66,2015-16
1764,029,730,119969.31,2015-16
1765,029,740,163400.0,2015-16
1766,029,750,30413.0,2015-16
1767,029,760,133494.0,2015-16
1768,029,761,98430.0,2015-16
1769,029,770,117485.0,2015-16
1770,029,780,149260.59,2015-16
1771,029,790,128054.89,2015-16
1772,029,800,152529.18,2015-16
1773,029,810,97059.26,2015-16
1774,029,820,39249.0,2015-16
1775,029,821,61303.48,2015-16
1776,029,830,120660.0,2015-16
1777,029,840,80656.35,2015-16
1778,029,850,77382.23,2015-16
1779,029,860,31134.84,2015-16
1780,029,861,62088.0,2015-16
1781,029,862,9325.2,2015-16
1782,029,870,72542.85,2015-16
1783,029,880,83923.03,2015-16
1784,029,890,40293.62,2015-16
1785,029,900,128650.0,2015-16
1786,029,910,112000.0,2015-16
1787,029,920,214983.92,2015-16
1788,029,930,58000.0,2015-16
1789,029,940,53500.0,2015-16
1790,029,950,86044.0,2015-16
1791,029,960,78450.0,2015-16
1792,029,970,78753.99,2015-16
1793,029,980,101965.66,2015-16
1794,029,990,80032.99,2015-16
1795,029,995,64882.0,2015-16
1796,030,170,0.0,2015-16
1797,030,180,2662.98,2015-16
1798,030,200,0.0,2015-16
1799,030,220,0.0,2015-16
1800,030,260,6.0,2015-16
1801,030,320,5210.0,2015-16
1802,030,370,114.0,2015-16
1803,030,380,0.0,2015-16
1804,030,440,0.0,2015-16
1805,030,460,0.0,2015-16
1806,030,540,737.0,2015-16
1807,030,580,0.0,2015-16
1808,030,680,5000.27,2015-16
1809,030,700,577.0,2015-16
1810,030,750,0.0,2015-16
1811,030,780,0.0,2015-16
1812,030,821,609.0,2015-16
1813,030,861,6500.0,2015-16
1814,030,862,99.94,2015-16
1815,030,870,0.0,2015-16
1816,030,890,0.0,2015-16
1817,030,910,0.0,2015-16
1818,031,010,4929697.0,2015-16
1819,031,020,1762270.38,2015-16
1820,031,040,2057985.0,2015-16
1821,031,070,1030082.0,2015-16
1822,031,080,1339961.97,2015-16
1823,031,090,1740972.0,2015-16
1824,031,120,4877424.43,2015-16
1825,031,132,295595.0,2015-16
1826,031,140,5053880.97,2015-16
1827,031,150,347551.41,2015-16
1828,031,170,582511.13,2015-16
1829,031,200,271321.35,2015-16
1830,031,210,255766.0,2015-16
1831,031,230,4129823.0,2015-16
1832,031,240,3510997.0,2015-16
1833,031,241,1301070.0,2015-16
1834,031,250,847576.21,2015-16
1835,031,260,1807461.0,2015-16
1836,031,290,2961097.53,2015-16
1837,031,291,799191.0,2015-16
1838,031,292,361108.45,2015-16
1839,031,300,240920.0,2015-16
1840,031,310,5108035.57,2015-16
1841,031,330,3758971.0,2015-16
1842,031,350,3284356.97,2015-16
1843,031,360,4615305.0,2015-16
1844,031,370,835873.0,2015-16
1845,031,380,5854.39,2015-16
1846,031,390,3817476.0,2015-16
1847,031,400,2137384.0,2015-16
1848,031,420,1025013.15,2015-16
1849,031,421,1208974.0,2015-16
1850,031,422,325741.03,2015-16
1851,031,430,11583979.0,2015-16
1852,031,460,1504909.0,2015-16
1853,031,470,5225282.77,2015-16
1854,031,510,11100997.5,2015-16
1855,031,520,117626.0,2015-16
1856,031,530,3212317.99,2015-16
1857,031,540,3286295.19,2015-16
1858,031,550,275779.71,2015-16
1859,031,570,156863.0,2015-16
1860,031,580,1107608.0,2015-16
1861,031,590,2699277.98,2015-16
1862,031,600,701.14,2015-16
1863,031,610,1077.99,2015-16
1864,031,620,1267043.0,2015-16
1865,031,640,6480348.0,2015-16
1866,031,660,719503.32,2015-16
1867,031,670,1100023.0,2015-16
1868,031,700,3414562.0,2015-16
1869,031,710,1574195.68,2015-16
1870,031,730,841572.33,2015-16
1871,031,740,5011760.0,2015-16
1872,031,760,8122600.91,2015-16
1873,031,761,1801305.0,2015-16
1874,031,770,4164923.0,2015-16
1875,031,780,17565130.32,2015-16
1876,031,790,6296599.73,2015-16
1877,031,800,4572100.24,2015-16
1878,031,810,5186443.1,2015-16
1879,031,820,4751831.85,2015-16
1880,031,821,1634424.72,2015-16
1881,031,830,3398483.06,2015-16
1882,031,840,3686100.0,2015-16
1883,031,850,1961624.0,2015-16
1884,031,860,3693524.57,2015-16
1885,031,861,429857.0,2015-16
1886,031,862,619876.67,2015-16
1887,031,870,146128.32,2015-16
1888,031,890,139082.01,2015-16
1889,031,900,2915537.0,2015-16
1890,031,910,3408883.44,2015-16
1891,031,930,263960.0,2015-16
1892,031,940,595391.0,2015-16
1893,031,960,6830916.0,2015-16
1894,031,970,2828079.0,2015-16
1895,031,980,5705065.58,2015-16
1896,031,990,2802190.08,2015-16
1897,032,010,10929324.69,2015-16
1898,032,020,2851484.89,2015-16
1899,032,030,849199.0,2015-16
1900,032,040,2064094.0,2015-16
1901,032,050,1755857.0,2015-16
1902,032,060,1235034.7,2015-16
1903,032,070,3967249.0,2015-16
1904,032,080,1340774.0,2015-16
1905,032,090,2176978.0,2015-16
1906,032,100,6184086.0,2015-16
1907,032,110,13562984.0,2015-16
1908,032,111,2259986.0,2015-16
1909,032,120,7203681.68,2015-16
1910,032,130,14235645.0,2015-16
1911,032,132,2901685.0,2015-16
1912,032,140,6429020.6,2015-16
1913,032,150,1033261.6,2015-16
1914,032,160,4509233.21,2015-16
1915,032,170,1526716.98,2015-16
1916,032,180,7671984.0,2015-16
1917,032,181,2225669.0,2015-16
1918,032,182,1611507.0,2015-16
1919,032,190,4687110.0,2015-16
1920,032,200,1768676.7,2015-16
1921,032,210,1162386.0,2015-16
1922,032,220,765768.2,2015-16
1923,032,230,8346281.22,2015-16
1924,032,240,3188620.45,2015-16
1925,032,241,1162958.0,2015-16
1926,032,250,7199595.92,2015-16
1927,032,260,27173400.86,2015-16
1928,032,270,1874663.0,2015-16
1929,032,280,2318022.03,2015-16
1930,032,290,10462487.72,2015-16
1931,032,291,1481510.0,2015-16
1932,032,292,1213423.35,2015-16
1933,032,300,3498059.0,2015-16
1934,032,310,3944925.0,2015-16
1935,032,320,17563865.0,2015-16
1936,032,330,3269417.0,2015-16
1937,032,340,27283630.06,2015-16
1938,032,350,4160831.7,2015-16
1939,032,360,17081186.0,2015-16
1940,032,370,967109.0,2015-16
1941,032,380,706498.08,2015-16
1942,032,390,4326870.0,2015-16
1943,032,400,1412244.0,2015-16
1944,032,410,39353643.64,2015-16
1945,032,420,1672542.27,2015-16
1946,032,421,1660153.0,2015-16
1947,032,422,582945.51,2015-16
1948,032,430,9337595.0,2015-16
1949,032,440,4014425.0,2015-16
1950,032,450,7224720.0,2015-16
1951,032,460,1573126.0,2015-16
1952,032,470,4446438.0,2015-16
1953,032,480,399125.0,2015-16
1954,032,490,8875820.0,2015-16
1955,032,491,2978186.0,2015-16
1956,032,500,2178863.16,2015-16
1957,032,510,18546874.97,2015-16
1958,032,520,676957.0,2015-16
1959,032,530,4722040.3,2015-16
1960,032,540,5016786.0,2015-16
1961,032,550,6609553.21,2015-16
1962,032,560,2572169.0,2015-16
1963,032,570,1348307.01,2015-16
1964,032,580,2114021.0,2015-16
1965,032,590,3644712.96,2015-16
1966,032,600,55210777.81,2015-16
1967,032,610,1128247.72,2015-16
1968,032,620,2188808.0,2015-16
1969,032,630,6362564.0,2015-16
1970,032,640,8580932.0,2015-16
1971,032,650,12882486.82,2015-16
1972,032,660,1368381.15,2015-16
1973,032,670,13862431.0,2015-16
1974,032,680,4086459.0,2015-16
1975,032,681,4904351.55,2015-16
1976,032,690,820868.0,2015-16
1977,032,700,3177405.9,2015-16
1978,032,710,4821515.91,2015-16
1979,032,720,1034089.0,2015-16
1980,032,730,2616678.8,2015-16
1981,032,740,11645000.0,2015-16
1982,032,750,1323782.0,2015-16
1983,032,760,8217189.81,2015-16
1984,032,761,2325992.32,2015-16
1985,032,770,3850273.38,2015-16
1986,032,780,13438162.86,2015-16
1987,032,790,7330819.37,2015-16
1988,032,800,8842510.83,2015-16
1989,032,810,5047925.65,2015-16
1990,032,820,4338970.81,2015-16
1991,032,821,963986.61,2015-16
1992,032,830,3273726.0,2015-16
1993,032,840,4864173.0,2015-16
1994,032,850,3607268.0,2015-16
1995,032,860,4350026.55,2015-16
1996,032,861,723502.22,2015-16
1997,032,862,962958.61,2015-16
1998,032,870,1239611.86,2015-16
1999,032,880,1899799.5,2015-16
2000,032,890,399094.94,2015-16
2001,032,900,17116491.0,2015-16
2002,032,910,3512907.89,2015-16
2003,032,920,82333104.89,2015-16
2004,032,930,1383570.99,2015-16
2005,032,940,785998.0,2015-16
2006,032,950,2443366.4,2015-16
2007,032,960,10327237.0,2015-16
2008,032,970,5184565.72,2015-16
2009,032,980,4804913.58,2015-16
2010,032,990,3036248.11,2015-16
2011,032,995,1245383.0,2015-16
2012,034,010,507231.0,2015-16
2013,034,020,-17.4,2015-16
2014,034,030,75073.0,2015-16
2015,034,040,182478.0,2015-16
2016,034,050,163100.0,2015-16
2017,034,060,110080.92,2015-16
2018,034,080,122468.5,2015-16
2019,034,090,243148.0,2015-16
2020,034,100,649659.0,2015-16
2021,034,110,35862.81,2015-16
2022,034,111,50727.0,2015-16
2023,034,120,653384.0,2015-16
2024,034,130,163349.0,2015-16
2025,034,140,35427.0,2015-16
2026,034,150,98308.43,2015-16
2027,034,160,245263.3,2015-16
2028,034,170,42889.0,2015-16
2029,034,180,234222.0,2015-16
2030,034,181,24543.0,2015-16
2031,034,182,136779.0,2015-16
2032,034,190,437385.0,2015-16
2033,034,200,170715.01,2015-16
2034,034,210,112537.0,2015-16
2035,034,220,639.0,2015-16
2036,034,230,69642.0,2015-16
2037,034,240,313143.96,2015-16
2038,034,241,116419.05,2015-16
2039,034,250,35248.37,2015-16
2040,034,280,258585.97,2015-16
2041,034,290,1127768.09,2015-16
2042,034,291,25616.0,2015-16
2043,034,292,14036.0,2015-16
2044,034,310,27342.0,2015-16
2045,034,320,226889.0,2015-16
2046,034,330,13348.0,2015-16
2047,034,340,564744.0,2015-16
2048,034,360,226288.45,2015-16
2049,034,370,15300.0,2015-16
2050,034,380,62076.65,2015-16
2051,034,390,76328.0,2015-16
2052,034,400,81627.0,2015-16
2053,034,410,3715133.0,2015-16
2054,034,420,150985.45,2015-16
2055,034,421,34429.0,2015-16
2056,034,422,48751.0,2015-16
2057,034,430,114652.0,2015-16
2058,034,440,128984.0,2015-16
2059,034,450,270299.0,2015-16
2060,034,460,144715.0,2015-16
2061,034,470,204441.69,2015-16
2062,034,480,31086.0,2015-16
2063,034,490,403404.0,2015-16
2064,034,491,322658.8,2015-16
2065,034,500,195068.0,2015-16
2066,034,510,410189.2,2015-16
2067,034,530,490619.0,2015-16
2068,034,540,160615.0,2015-16
2069,034,550,602132.4,2015-16
2070,034,560,115766.0,2015-16
2071,034,570,51945.0,2015-16
2072,034,580,174239.0,2015-16
2073,034,590,5630.0,2015-16
2074,034,600,7674767.0,2015-16
2075,034,610,94031.0,2015-16
2076,034,620,73457.0,2015-16
2077,034,640,19482.0,2015-16
2078,034,650,12565.0,2015-16
2079,034,660,83565.0,2015-16
2080,034,670,1325912.0,2015-16
2081,034,680,388321.0,2015-16
2082,034,681,631083.51,2015-16
2083,034,690,66059.0,2015-16
2084,034,700,60069.0,2015-16
2085,034,710,464535.0,2015-16
2086,034,720,89736.0,2015-16
2087,034,730,93067.53,2015-16
2088,034,740,223243.0,2015-16
2089,034,750,60272.0,2015-16
2090,034,760,917566.54,2015-16
2091,034,761,244434.44,2015-16
2092,034,770,275912.0,2015-16
2093,034,780,1215216.62,2015-16
2094,034,790,125709.2,2015-16
2095,034,800,185380.25,2015-16
2096,034,810,-19.12,2015-16
2097,034,820,72705.01,2015-16
2098,034,830,310553.0,2015-16
2099,034,850,333971.0,2015-16
2100,034,860,49350.0,2015-16
2101,034,861,64711.0,2015-16
2102,034,862,80610.56,2015-16
2103,034,870,9645.7,2015-16
2104,034,880,183462.92,2015-16
2105,034,890,31086.0,2015-16
2106,034,900,868173.0,2015-16
2107,034,910,29803.0,2015-16
2108,034,930,121547.0,2015-16
2109,034,940,85332.0,2015-16
2110,034,950,223760.8,2015-16
2111,034,960,121697.0,2015-16
2112,034,970,122096.0,2015-16
2113,034,980,21140.24,2015-16
2114,034,990,2932.44,2015-16
2115,039,010,125037.5,2015-16
2116,039,060,30345.7,2015-16
2117,039,070,60000.0,2015-16
2118,039,080,74086.0,2015-16
2119,039,100,379653.0,2015-16
2120,039,110,215600.0,2015-16
2121,039,120,208000.0,2015-16
2122,039,130,768000.0,2015-16
2123,039,140,167466.0,2015-16
2124,039,160,30800.0,2015-16
2125,039,220,25640.0,2015-16
2126,039,230,136088.09,2015-16
2127,039,240,182067.0,2015-16
2128,039,260,336000.0,2015-16
2129,039,280,41718.0,2015-16
2130,039,290,228207.09,2015-16
2131,039,291,42606.0,2015-16
2132,039,292,41360.0,2015-16
2133,039,310,297250.0,2015-16
2134,039,330,19978.85,2015-16
2135,039,350,150976.0,2015-16
2136,039,360,400000.0,2015-16
2137,039,370,28000.0,2015-16
2138,039,400,32728.0,2015-16
2139,039,420,35926.0,2015-16
2140,039,421,46609.97,2015-16
2141,039,460,29600.0,2015-16
2142,039,530,120000.0,2015-16
2143,039,540,84000.0,2015-16
2144,039,560,39722.0,2015-16
2145,039,570,39999.61,2015-16
2146,039,590,84419.23,2015-16
2147,039,610,32000.0,2015-16
2148,039,630,109593.0,2015-16
2149,039,650,410117.0,2015-16
2150,039,680,122979.33,2015-16
2151,039,720,26804.68,2015-16
2152,039,750,28000.0,2015-16
2153,039,770,26782.12,2015-16
2154,039,790,166499.41,2015-16
2155,039,800,218280.07,2015-16
2156,039,810,69457.0,2015-16
2157,039,830,42000.0,2015-16
2158,039,840,116667.0,2015-16
2159,039,850,43845.93,2015-16
2160,039,860,171200.0,2015-16
2161,039,870,70312.0,2015-16
2162,039,940,35626.44,2015-16
2163,039,960,163587.0,2015-16
2164,039,990,63949.0,2015-16
2165,039,995,22917.0,2015-16
2166,040,070,305395.69,2015-16
2167,040,130,454801.49,2015-16
2168,040,320,321860.02,2015-16
2169,040,340,67874.04,2015-16
2170,040,400,298733.64,2015-16
2171,040,500,210721.44,2015-16
2172,040,550,239999.94,2015-16
2173,040,590,613058.68,2015-16
2174,040,600,972021.95,2015-16
2175,040,620,283691.97,2015-16
2176,040,660,387692.21,2015-16
2177,040,740,452133.0,2015-16
2178,040,780,282687.44,2015-16
2179,040,850,218383.41,2015-16
2180,040,862,116582.45,2015-16
2181,040,920,671408.0,2015-16
2182,041,010,10114.56,2015-16
2183,041,110,3500.0,2015-16
2184,041,130,3598.0,2015-16
2185,041,280,0.0,2015-16
2186,041,870,2000.0,2015-16
2187,042,010,402016.75,2015-16
2188,042,040,72765.63,2015-16
2189,042,080,134612.36,2015-16
2190,042,140,275835.11,2015-16
2191,042,310,358504.59,2015-16
2192,042,320,415960.88,2015-16
2193,042,340,412795.97,2015-16
2194,042,400,196981.63,2015-16
2195,042,420,67300.54,2015-16
2196,042,470,75085.6,2015-16
2197,042,480,75488.87,2015-16
2198,042,580,204204.13,2015-16
2199,042,590,184068.64,2015-16
2200,042,640,225467.82,2015-16
2201,042,690,186336.18,2015-16
2202,042,730,68347.01,2015-16
2203,042,770,199846.86,2015-16
2204,042,830,250421.88,2015-16
2205,042,870,62899.2,2015-16
2206,042,910,317618.96,2015-16
2207,043,010,358406.0,2015-16
2208,043,040,454226.76,2015-16
2209,043,080,280489.3,2015-16
2210,043,140,238938.0,2015-16
2211,043,310,298673.0,2015-16
2212,043,320,382626.0,2015-16
2213,043,340,358406.0,2015-16
2214,043,400,179204.0,2015-16
2215,043,420,260292.28,2015-16
2216,043,470,327237.98,2015-16
2217,043,480,59735.0,2015-16
2218,043,580,192660.0,2015-16
2219,043,590,179207.74,2015-16
2220,043,640,179203.72,2015-16
2221,043,690,192660.0,2015-16
2222,043,730,200175.09,2015-16
2223,043,770,179204.0,2015-16
2224,043,830,492963.0,2015-16
2225,043,870,200146.99,2015-16
2226,043,910,310110.0,2015-16
2227,043,960,648522.0,2015-16
2228,045,010,1762304.96,2015-16
2229,045,020,445086.53,2015-16
2230,045,030,145571.6,2015-16
2231,045,040,303848.47,2015-16
2232,045,050,295345.55,2015-16
2233,045,060,206514.53,2015-16
2234,045,070,524043.8,2015-16
2235,045,080,246143.98,2015-16
2236,045,090,376364.98,2015-16
2237,045,100,904921.44,2015-16
2238,045,110,2037263.43,2015-16
2239,045,111,304728.88,2015-16
2240,045,120,994759.91,2015-16
2241,045,130,2266813.32,2015-16
2242,045,132,412727.75,2015-16
2243,045,140,996533.11,2015-16
2244,045,150,182995.28,2015-16
2245,045,160,575954.97,2015-16
2246,045,170,269137.71,2015-16
2247,045,180,1147858.86,2015-16
2248,045,181,314840.64,2015-16
2249,045,182,227876.85,2015-16
2250,045,190,636381.39,2015-16
2251,045,200,276194.81,2015-16
2252,045,210,196858.73,2015-16
2253,045,220,120196.69,2015-16
2254,045,230,1178760.4,2015-16
2255,045,240,487493.92,2015-16
2256,045,241,203121.25,2015-16
2257,045,250,1022695.25,2015-16
2258,045,260,3814454.79,2015-16
2259,045,270,317828.81,2015-16
2260,045,280,373576.98,2015-16
2261,045,290,1484767.91,2015-16
2262,045,291,261801.29,2015-16
2263,045,292,204451.92,2015-16
2264,045,300,493503.45,2015-16
2265,045,310,864447.68,2015-16
2266,045,320,2530608.12,2015-16
2267,045,330,507971.24,2015-16
2268,045,340,4284705.97,2015-16
2269,045,350,702141.98,2015-16
2270,045,360,2367843.07,2015-16
2271,045,370,167373.33,2015-16
2272,045,380,135011.51,2015-16
2273,045,390,632157.27,2015-16
2274,045,400,273315.18,2015-16
2275,045,410,5342187.14,2015-16
2276,045,420,249653.62,2015-16
2277,045,421,238689.21,2015-16
2278,045,422,95505.0,2015-16
2279,045,430,1517051.53,2015-16
2280,045,440,547090.13,2015-16
2281,045,450,1010062.5,2015-16
2282,045,460,311814.07,2015-16
2283,045,470,710085.98,2015-16
2284,045,480,85225.86,2015-16
2285,045,490,1520512.7,2015-16
2286,045,491,443379.4,2015-16
2287,045,500,310585.2,2015-16
2288,045,510,2590724.46,2015-16
2289,045,520,145792.1,2015-16
2290,045,530,749548.03,2015-16
2291,045,540,702261.05,2015-16
2292,045,550,850640.43,2015-16
2293,045,560,374883.14,2015-16
2294,045,570,241372.72,2015-16
2295,045,580,290843.05,2015-16
2296,045,590,550701.19,2015-16
2297,045,600,10626726.64,2015-16
2298,045,610,192308.94,2015-16
2299,045,620,361366.57,2015-16
2300,045,630,1035984.89,2015-16
2301,045,640,1168656.28,2015-16
2302,045,650,1967118.66,2015-16
2303,045,660,212856.49,2015-16
2304,045,670,1947586.23,2015-16
2305,045,680,561004.9,2015-16
2306,045,681,793330.7,2015-16
2307,045,690,145128.88,2015-16
2308,045,700,511474.93,2015-16
2309,045,710,671750.4,2015-16
2310,045,720,173880.81,2015-16
2311,045,730,352757.85,2015-16
2312,045,740,1858168.24,2015-16
2313,045,750,217321.18,2015-16
2314,045,760,1368397.62,2015-16
2315,045,761,386449.88,2015-16
2316,045,770,670041.25,2015-16
2317,045,780,1869535.8,2015-16
2318,045,790,950585.24,2015-16
2319,045,800,1523497.83,2015-16
2320,045,810,701759.89,2015-16
2321,045,820,697774.44,2015-16
2322,045,821,234095.82,2015-16
2323,045,830,545533.17,2015-16
2324,045,840,721109.85,2015-16
2325,045,850,546000.3,2015-16
2326,045,860,669630.8,2015-16
2327,045,861,109892.67,2015-16
2328,045,862,135794.75,2015-16
2329,045,870,197740.63,2015-16
2330,045,880,305971.74,2015-16
2331,045,890,73341.54,2015-16
2332,045,900,3137917.92,2015-16
2333,045,910,610680.54,2015-16
2334,045,920,11592280.81,2015-16
2335,045,930,221380.18,2015-16
2336,045,940,154374.25,2015-16
2337,045,950,332223.54,2015-16
2338,045,960,1597226.72,2015-16
2339,045,970,861167.21,2015-16
2340,045,980,900678.38,2015-16
2341,045,990,470832.74,2015-16
2342,045,995,207667.72,2015-16
2343,046,280,2847.0,2015-16
2344,046,340,40761.0,2015-16
2345,046,410,314380.0,2015-16
2346,046,980,24936.0,2015-16
2347,054,010,1426334.0,2015-16
2348,054,030,100035.0,2015-16
2349,054,040,65605.0,2015-16
2350,054,050,91631.0,2015-16
2351,054,060,119190.99,2015-16
2352,054,070,4584.33,2015-16
2353,054,080,41033.75,2015-16
2354,054,090,243144.0,2015-16
2355,054,100,295557.0,2015-16
2356,054,110,32729.31,2015-16
2357,054,111,50355.0,2015-16
2358,054,120,788525.0,2015-16
2359,054,130,217858.0,2015-16
2360,054,140,205063.0,2015-16
2361,054,160,61812.84,2015-16
2362,054,170,43747.14,2015-16
2363,054,180,896574.0,2015-16
2364,054,181,57694.0,2015-16
2365,054,182,313618.0,2015-16
2366,054,190,1138092.0,2015-16
2367,054,200,42356.0,2015-16
2368,054,210,58219.0,2015-16
2369,054,220,41095.0,2015-16
2370,054,230,148648.0,2015-16
2371,054,240,121003.8,2015-16
2372,054,241,82087.91,2015-16
2373,054,250,14717.94,2015-16
2374,054,260,509837.0,2015-16
2375,054,280,241292.62,2015-16
2376,054,290,225187.79,2015-16
2377,054,291,13449.0,2015-16
2378,054,292,68730.54,2015-16
2379,054,300,78364.0,2015-16
2380,054,310,1787403.0,2015-16
2381,054,320,1185000.0,2015-16
2382,054,330,67389.0,2015-16
2383,054,340,962389.0,2015-16
2384,054,350,149008.51,2015-16
2385,054,360,75730.0,2015-16
2386,054,390,1470.1,2015-16
2387,054,400,115220.0,2015-16
2388,054,410,4050255.0,2015-16
2389,054,420,50212.16,2015-16
2390,054,421,20131.99,2015-16
2391,054,430,465732.0,2015-16
2392,054,440,12754.22,2015-16
2393,054,450,862024.0,2015-16
2394,054,460,48474.0,2015-16
2395,054,470,158054.0,2015-16
2396,054,480,56248.0,2015-16
2397,054,490,98609.0,2015-16
2398,054,491,137073.11,2015-16
2399,054,500,93882.0,2015-16
2400,054,510,1014019.75,2015-16
2401,054,530,1041382.98,2015-16
2402,054,540,178587.0,2015-16
2403,054,550,219006.77,2015-16
2404,054,560,51970.0,2015-16
2405,054,580,60470.0,2015-16
2406,054,590,246026.31,2015-16
2407,054,600,13424191.0,2015-16
2408,054,610,1963.0,2015-16
2409,054,620,154992.0,2015-16
2410,054,640,20000.0,2015-16
2411,054,650,612342.88,2015-16
2412,054,660,3683.0,2015-16
2413,054,670,182732.0,2015-16
2414,054,680,400391.0,2015-16
2415,054,681,1239724.01,2015-16
2416,054,710,222963.82,2015-16
2417,054,720,40808.0,2015-16
2418,054,730,42840.96,2015-16
2419,054,740,48614.0,2015-16
2420,054,750,58734.0,2015-16
2421,054,760,716333.17,2015-16
2422,054,761,939483.44,2015-16
2423,054,770,271566.0,2015-16
2424,054,780,838975.83,2015-16
2425,054,790,69231.3,2015-16
2426,054,800,238614.75,2015-16
2427,054,820,209631.1,2015-16
2428,054,830,48582.0,2015-16
2429,054,850,64234.0,2015-16
2430,054,860,146343.0,2015-16
2431,054,861,95287.0,2015-16
2432,054,862,99629.35,2015-16
2433,054,880,64882.42,2015-16
2434,054,890,62051.07,2015-16
2435,054,900,774161.0,2015-16
2436,054,910,51654.0,2015-16
2437,054,920,-751.07,2015-16
2438,054,930,63776.0,2015-16
2439,054,940,68348.0,2015-16
2440,054,950,92989.27,2015-16
2441,054,960,8361.0,2015-16
2442,054,970,61760.0,2015-16
2443,055,040,316646.0,2015-16
2444,055,070,316646.3,2015-16
2445,055,080,308443.46,2015-16
2446,055,100,316646.0,2015-16
2447,055,110,633292.0,2015-16
2448,055,130,316646.0,2015-16
2449,055,140,318352.75,2015-16
2450,055,180,316646.0,2015-16
2451,055,200,316577.28,2015-16
2452,055,230,317345.42,2015-16
2453,055,240,316646.0,2015-16
2454,055,250,633291.26,2015-16
2455,055,260,595492.0,2015-16
2456,055,270,250000.0,2015-16
2457,055,290,633292.0,2015-16
2458,055,300,316646.0,2015-16
2459,055,310,316646.0,2015-16
2460,055,320,316646.0,2015-16
2461,055,330,316646.0,2015-16
2462,055,340,316646.0,2015-16
2463,055,350,316645.93,2015-16
2464,055,390,261304.0,2015-16
2465,055,400,316646.0,2015-16
2466,055,410,1583230.0,2015-16
2467,055,422,315730.74,2015-16
2468,055,440,316621.17,2015-16
2469,055,450,316646.0,2015-16
2470,055,460,316646.0,2015-16
2471,055,470,316646.0,2015-16
2472,055,480,250000.0,2015-16
2473,055,490,662618.0,2015-16
2474,055,500,566646.0,2015-16
2475,055,510,316646.0,2015-16
2476,055,530,308646.0,2015-16
2477,055,540,259527.0,2015-16
2478,055,560,316646.01,2015-16
2479,055,570,316645.99,2015-16
2480,055,590,316647.92,2015-16
2481,055,600,633292.0,2015-16
2482,055,610,316646.0,2015-16
2483,055,640,316646.0,2015-16
2484,055,650,633292.0,2015-16
2485,055,710,316646.0,2015-16
2486,055,740,316646.0,2015-16
2487,055,750,341646.0,2015-16
2488,055,760,316645.16,2015-16
2489,055,770,316646.0,2015-16
2490,055,780,316590.45,2015-16
2491,055,790,234802.87,2015-16
2492,055,800,315024.11,2015-16
2493,055,810,291646.0,2015-16
2494,055,820,316635.84,2015-16
2495,055,830,316646.0,2015-16
2496,055,840,316646.0,2015-16
2497,055,850,316646.0,2015-16
2498,055,860,316646.0,2015-16
2499,055,890,247280.51,2015-16
2500,055,900,316646.0,2015-16
2501,055,910,316646.0,2015-16
2502,055,920,1149939.14,2015-16
2503,055,930,296718.63,2015-16
2504,055,950,155550.0,2015-16
2505,055,960,316646.0,2015-16
2506,055,970,313180.0,2015-16
2507,055,980,416569.59,2015-16
2508,055,990,312115.09,2015-16
2509,056,010,3573624.07,2015-16
2510,056,020,1053720.99,2015-16
2511,056,030,409983.0,2015-16
2512,056,040,956599.0,2015-16
2513,056,050,1732747.0,2015-16
2514,056,060,787332.0,2015-16
2515,056,070,2072835.67,2015-16
2516,056,080,1188989.24,2015-16
2517,056,090,1726341.35,2015-16
2518,056,100,4535073.0,2015-16
2519,056,110,7642190.0,2015-16
2520,056,111,301765.0,2015-16
2521,056,120,2308949.03,2015-16
2522,056,130,10736862.0,2015-16
2523,056,132,766310.0,2015-16
2524,056,140,2254661.0,2015-16
2525,056,150,561220.91,2015-16
2526,056,160,1614786.87,2015-16
2527,056,170,950240.57,2015-16
2528,056,180,4689857.0,2015-16
2529,056,181,598924.0,2015-16
2530,056,182,394705.0,2015-16
2531,056,190,2270312.0,2015-16
2532,056,200,906073.46,2015-16
2533,056,210,787506.0,2015-16
2534,056,220,415444.0,2015-16
2535,056,230,3640002.0,2015-16
2536,056,240,2226572.0,2015-16
2537,056,241,418448.0,2015-16
2538,056,250,3534652.0,2015-16
2539,056,260,11538666.91,2015-16
2540,056,270,1672075.0,2015-16
2541,056,280,1037046.1,2015-16
2542,056,290,4209556.0,2015-16
2543,056,291,462222.0,2015-16
2544,056,292,181966.84,2015-16
2545,056,300,1453169.0,2015-16
2546,056,310,2637151.0,2015-16
2547,056,320,12685905.0,2015-16
2548,056,330,1648406.0,2015-16
2549,056,340,13924739.0,2015-16
2550,056,350,2459315.02,2015-16
2551,056,360,6244366.05,2015-16
2552,056,370,564315.0,2015-16
2553,056,380,359813.65,2015-16
2554,056,390,2105678.0,2015-16
2555,056,400,1059884.0,2015-16
2556,056,410,24222396.2,2015-16
2557,056,420,1521407.25,2015-16
2558,056,421,259308.0,2015-16
2559,056,422,174398.0,2015-16
2560,056,430,5304101.0,2015-16
2561,056,440,1725207.0,2015-16
2562,056,450,2717996.0,2015-16
2563,056,460,1136347.0,2015-16
2564,056,470,2407539.0,2015-16
2565,056,480,248142.0,2015-16
2566,056,490,5137309.99,2015-16
2567,056,491,1079590.0,2015-16
2568,056,500,1047191.0,2015-16
2569,056,510,9411401.98,2015-16
2570,056,520,473436.0,2015-16
2571,056,530,1945457.0,2015-16
2572,056,540,2466954.63,2015-16
2573,056,550,2247985.04,2015-16
2574,056,560,1369175.98,2015-16
2575,056,570,1436399.0,2015-16
2576,056,580,994233.0,2015-16
2577,056,590,1415224.0,2015-16
2578,056,600,53964722.0,2015-16
2579,056,610,796300.0,2015-16
2580,056,620,1249862.0,2015-16
2581,056,630,3402506.04,2015-16
2582,056,640,3990025.0,2015-16
2583,056,650,6357359.0,2015-16
2584,056,660,966240.47,2015-16
2585,056,670,6804253.0,2015-16
2586,056,680,2632371.0,2015-16
2587,056,681,1490606.02,2015-16
2588,056,690,434238.0,2015-16
2589,056,700,1551831.43,2015-16
2590,056,710,2426099.47,2015-16
2591,056,720,511414.0,2015-16
2592,056,730,1317331.0,2015-16
2593,056,740,5727129.0,2015-16
2594,056,750,613667.13,2015-16
2595,056,760,4097074.42,2015-16
2596,056,761,315340.95,2015-16
2597,056,770,1972267.8,2015-16
2598,056,780,5844284.84,2015-16
2599,056,790,2930549.43,2015-16
2600,056,800,4441796.04,2015-16
2601,056,810,2474788.79,2015-16
2602,056,820,2791462.0,2015-16
2603,056,821,316288.57,2015-16
2604,056,830,1759159.0,2015-16
2605,056,840,1659655.0,2015-16
2606,056,850,2442660.0,2015-16
2607,056,860,2474453.28,2015-16
2608,056,861,9750.0,2015-16
2609,056,862,42966.83,2015-16
2610,056,870,671592.24,2015-16
2611,056,880,890171.93,2015-16
2612,056,890,203707.14,2015-16
2613,056,900,13720717.0,2015-16
2614,056,910,1681892.0,2015-16
2615,056,920,51545961.0,2015-16
2616,056,930,1028338.0,2015-16
2617,056,940,569210.0,2015-16
2618,056,950,1200572.1,2015-16
2619,056,960,4901178.0,2015-16
2620,056,970,2730245.9,2015-16
2621,056,980,2325575.69,2015-16
2622,056,990,1416506.0,2015-16
2623,056,995,905362.0,2015-16
2624,061,010,1336162.0,2015-16
2625,061,020,-48.66,2015-16
2626,061,030,41114.0,2015-16
2627,061,040,101656.0,2015-16
2628,061,050,191214.0,2015-16
2629,061,060,93675.0,2015-16
2630,061,070,372497.63,2015-16
2631,061,080,82845.0,2015-16
2632,061,090,208401.13,2015-16
2633,061,100,2987.0,2015-16
2634,061,110,238157.0,2015-16
2635,061,111,169029.0,2015-16
2636,061,120,363520.0,2015-16
2637,061,130,558423.0,2015-16
2638,061,132,373479.98,2015-16
2639,061,140,489952.79,2015-16
2640,061,150,185532.62,2015-16
2641,061,160,243144.0,2015-16
2642,061,170,79398.0,2015-16
2643,061,180,716424.32,2015-16
2644,061,181,225198.0,2015-16
2645,061,182,232228.02,2015-16
2646,061,190,388320.0,2015-16
2647,061,200,196327.05,2015-16
2648,061,210,103626.0,2015-16
2649,061,220,75234.99,2015-16
2650,061,230,1357381.29,2015-16
2651,061,240,348290.89,2015-16
2652,061,241,111153.0,2015-16
2653,061,250,791078.08,2015-16
2654,061,260,2763418.0,2015-16
2655,061,270,203066.0,2015-16
2656,061,280,263543.0,2015-16
2657,061,290,885141.0,2015-16
2658,061,291,27631.0,2015-16
2659,061,292,110000.0,2015-16
2660,061,300,439459.0,2015-16
2661,061,310,236837.0,2015-16
2662,061,320,1562518.0,2015-16
2663,061,330,169044.0,2015-16
2664,061,340,1275000.0,2015-16
2665,061,350,688190.0,2015-16
2666,061,360,1790870.0,2015-16
2667,061,370,93744.0,2015-16
2668,061,380,34291.14,2015-16
2669,061,390,266538.0,2015-16
2670,061,400,147334.0,2015-16
2671,061,410,1929035.0,2015-16
2672,061,420,82033.16,2015-16
2673,061,421,113125.0,2015-16
2674,061,422,31606.0,2015-16
2675,061,430,900242.0,2015-16
2676,061,440,473731.0,2015-16
2677,061,450,376475.0,2015-16
2678,061,460,85456.0,2015-16
2679,061,470,491591.0,2015-16
2680,061,480,17137.0,2015-16
2681,061,490,1298624.0,2015-16
2682,061,491,194716.0,2015-16
2683,061,500,114124.0,2015-16
2684,061,510,2411192.47,2015-16
2685,061,520,41540.0,2015-16
2686,061,530,290827.0,2015-16
2687,061,540,536622.0,2015-16
2688,061,550,528892.67,2015-16
2689,061,560,215957.0,2015-16
2690,061,570,92580.01,2015-16
2691,061,580,96819.0,2015-16
2692,061,590,224332.98,2015-16
2693,061,600,4200000.0,2015-16
2694,061,610,90653.0,2015-16
2695,061,620,226336.0,2015-16
2696,061,630,70000.0,2015-16
2697,061,640,917815.0,2015-16
2698,061,650,413698.0,2015-16
2699,061,660,80967.4,2015-16
2700,061,670,1619616.0,2015-16
2701,061,680,396837.0,2015-16
2702,061,681,440897.0,2015-16
2703,061,690,53915.0,2015-16
2704,061,700,164896.0,2015-16
2705,061,710,293144.99,2015-16
2706,061,720,81858.0,2015-16
2707,061,730,184246.0,2015-16
2708,061,740,655193.0,2015-16
2709,061,750,162949.0,2015-16
2710,061,760,85732.79,2015-16
2711,061,761,131202.0,2015-16
2712,061,770,782963.0,2015-16
2713,061,790,439282.0,2015-16
2714,061,800,1475083.96,2015-16
2715,061,810,33107.0,2015-16
2716,061,820,246870.0,2015-16
2717,061,821,335083.01,2015-16
2718,061,830,226169.0,2015-16
2719,061,840,399018.0,2015-16
2720,061,850,195667.0,2015-16
2721,061,860,637630.98,2015-16
2722,061,861,35441.0,2015-16
2723,061,862,87691.13,2015-16
2724,061,870,71962.12,2015-16
2725,061,880,71375.95,2015-16
2726,061,890,28232.0,2015-16
2727,061,900,868379.0,2015-16
2728,061,910,244010.0,2015-16
2729,061,930,71095.0,2015-16
2730,061,940,144054.0,2015-16
2731,061,950,290657.0,2015-16
2732,061,960,1086604.0,2015-16
2733,061,970,357378.87,2015-16
2734,061,980,546727.11,2015-16
2735,063,010,362631.02,2015-16
2736,063,030,50205.0,2015-16
2737,063,040,250021.0,2015-16
2738,063,050,211059.0,2015-16
2739,063,060,28538.69,2015-16
2740,063,070,138566.0,2015-16
2741,063,080,60983.0,2015-16
2742,063,090,24804.0,2015-16
2743,063,100,308598.42,2015-16
2744,063,110,325505.61,2015-16
2745,063,111,15164.3,2015-16
2746,063,120,770787.0,2015-16
2747,063,130,1092414.0,2015-16
2748,063,132,14336.29,2015-16
2749,063,140,100410.0,2015-16
2750,063,160,224998.96,2015-16
2751,063,180,661703.0,2015-16
2752,063,181,210001.29,2015-16
2753,063,182,283156.0,2015-16
2754,063,190,250022.0,2015-16
2755,063,200,86414.89,2015-16
2756,063,250,648145.56,2015-16
2757,063,260,468902.6,2015-16
2758,063,270,84888.0,2015-16
2759,063,280,27000.0,2015-16
2760,063,291,441804.0,2015-16
2761,063,300,346679.25,2015-16
2762,063,320,12591.0,2015-16
2763,063,340,1692338.0,2015-16
2764,063,360,469917.06,2015-16
2765,063,370,73922.02,2015-16
2766,063,400,67874.95,2015-16
2767,063,421,36605.62,2015-16
2768,063,422,29238.0,2015-16
2769,063,440,166680.97,2015-16
2770,063,450,506124.0,2015-16
2771,063,470,313278.0,2015-16
2772,063,491,213873.0,2015-16
2773,063,500,270103.0,2015-16
2774,063,510,478220.06,2015-16
2775,063,530,219898.0,2015-16
2776,063,540,400277.0,2015-16
2777,063,550,50420.0,2015-16
2778,063,560,139570.0,2015-16
2779,063,570,42258.83,2015-16
2780,063,580,210861.0,2015-16
2781,063,600,2904065.87,2015-16
2782,063,620,20692.0,2015-16
2783,063,630,442810.0,2015-16
2784,063,640,304705.84,2015-16
2785,063,650,968845.73,2015-16
2786,063,670,297120.88,2015-16
2787,063,680,95347.45,2015-16
2788,063,690,27597.0,2015-16
2789,063,700,76177.11,2015-16
2790,063,710,309232.0,2015-16
2791,063,720,23523.57,2015-16
2792,063,730,241989.0,2015-16
2793,063,740,442751.0,2015-16
2794,063,750,110451.0,2015-16
2795,063,760,80328.0,2015-16
2796,063,761,210859.52,2015-16
2797,063,770,350464.62,2015-16
2798,063,780,415664.71,2015-16
2799,063,790,149498.56,2015-16
2800,063,800,43060.03,2015-16
2801,063,810,132541.0,2015-16
2802,063,821,2712.39,2015-16
2803,063,830,190779.0,2015-16
2804,063,840,23156.1,2015-16
2805,063,850,267829.84,2015-16
2806,063,860,120491.96,2015-16
2807,063,861,38072.0,2015-16
2808,063,862,75689.6,2015-16
2809,063,870,32364.0,2015-16
2810,063,880,176770.0,2015-16
2811,063,900,479797.75,2015-16
2812,063,920,2107219.19,2015-16
2813,063,930,44623.79,2015-16
2814,063,950,25191.72,2015-16
2815,063,960,1723404.0,2015-16
2816,063,970,258173.48,2015-16
2817,063,990,301224.72,2015-16
2818,066,010,16740.73,2015-16
2819,066,070,16832.13,2015-16
2820,066,130,82248.51,2015-16
2821,066,140,16832.0,2015-16
2822,066,250,16805.68,2015-16
2823,066,260,16832.1,2015-16
2824,066,270,16832.0,2015-16
2825,066,300,16885.82,2015-16
2826,066,320,16832.0,2015-16
2827,066,340,16832.0,2015-16
2828,066,400,16832.15,2015-16
2829,066,410,50686.39,2015-16
2830,066,430,16832.12,2015-16
2831,066,560,16588.94,2015-16
2832,066,580,16778.85,2015-16
2833,066,650,16832.0,2015-16
2834,066,670,16656.01,2015-16
2835,066,681,50792.63,2015-16
2836,066,740,33664.0,2015-16
2837,066,790,16740.04,2015-16
2838,066,860,16832.14,2015-16
2839,066,920,134539.39,2015-16
2840,067,260,580136.45,2015-16
2841,067,320,246317.2,2015-16
2842,067,430,84151.29,2015-16
2843,067,510,42080.0,2015-16
2844,067,530,83747.81,2015-16
2845,067,600,42080.0,2015-16
2846,067,630,42080.0,2015-16
2847,067,640,42080.4,2015-16
2848,067,680,84160.76,2015-16
2849,067,681,210108.29,2015-16
2850,067,780,42080.0,2015-16
2851,067,920,419158.39,2015-16
2852,068,010,211650.96,2015-16
2853,068,020,73063.07,2015-16
2854,068,050,175960.03,2015-16
2855,068,060,114428.92,2015-16
2856,068,070,305496.93,2015-16
2857,068,100,865287.99,2015-16
2858,068,110,176858.79,2015-16
2859,068,130,760560.43,2015-16
2860,068,140,777099.83,2015-16
2861,068,150,68435.56,2015-16
2862,068,170,84752.16,2015-16
2863,068,180,273887.83,2015-16
2864,068,181,215158.14,2015-16
2865,068,182,47750.85,2015-16
2866,068,190,353818.0,2015-16
2867,068,200,13166.64,2015-16
2868,068,210,5212.84,2015-16
2869,068,240,162461.91,2015-16
2870,068,250,70453.67,2015-16
2871,068,260,131030.09,2015-16
2872,068,300,432400.0,2015-16
2873,068,310,413343.36,2015-16
2874,068,320,499972.21,2015-16
2875,068,330,102402.57,2015-16
2876,068,340,12436771.13,2015-16
2877,068,360,1167859.69,2015-16
2878,068,400,82483.41,2015-16
2879,068,410,510794.36,2015-16
2880,068,422,163857.8,2015-16
2881,068,430,348279.32,2015-16
2882,068,450,655373.31,2015-16
2883,068,460,58067.56,2015-16
2884,068,470,121548.46,2015-16
2885,068,490,308801.9,2015-16
2886,068,500,289976.2,2015-16
2887,068,510,76939.72,2015-16
2888,068,530,336241.42,2015-16
2889,068,550,412473.23,2015-16
2890,068,560,457300.24,2015-16
2891,068,580,379882.2,2015-16
2892,068,590,167821.11,2015-16
2893,068,600,1906414.6,2015-16
2894,068,610,82613.43,2015-16
2895,068,660,108496.31,2015-16
2896,068,670,1057224.67,2015-16
2897,068,680,70253.5,2015-16
2898,068,681,558463.92,2015-16
2899,068,690,56853.6,2015-16
2900,068,700,210006.0,2015-16
2901,068,730,223903.54,2015-16
2902,068,761,109122.07,2015-16
2903,068,770,267048.53,2015-16
2904,068,790,188193.32,2015-16
2905,068,800,179154.7,2015-16
2906,068,810,220998.87,2015-16
2907,068,820,417569.27,2015-16
2908,068,840,218250.54,2015-16
2909,068,850,567463.26,2015-16
2910,068,900,625096.89,2015-16
2911,068,910,194093.1,2015-16
2912,068,920,11326897.12,2015-16
2913,068,930,146812.26,2015-16
2914,068,960,700371.66,2015-16
2915,068,980,265317.94,2015-16
2916,068,990,366249.58,2015-16
2917,068,995,228217.53,2015-16
2918,069,010,4121886.78,2015-16
2919,069,020,955879.86,2015-16
2920,069,030,330689.0,2015-16
2921,069,040,880265.0,2015-16
2922,069,050,511249.97,2015-16
2923,069,060,315592.0,2015-16
2924,069,070,1249236.11,2015-16
2925,069,080,719050.19,2015-16
2926,069,090,1229609.49,2015-16
2927,069,100,1525484.13,2015-16
2928,069,110,4559000.21,2015-16
2929,069,111,856546.05,2015-16
2930,069,120,2826793.12,2015-16
2931,069,130,3890779.57,2015-16
2932,069,132,1068228.0,2015-16
2933,069,140,1838035.35,2015-16
2934,069,150,226145.42,2015-16
2935,069,160,1615815.85,2015-16
2936,069,170,527715.14,2015-16
2937,069,180,3025423.75,2015-16
2938,069,181,1388872.86,2015-16
2939,069,182,434923.19,2015-16
2940,069,190,1276288.24,2015-16
2941,069,200,876331.94,2015-16
2942,069,210,527793.13,2015-16
2943,069,220,274280.98,2015-16
2944,069,230,3340788.22,2015-16
2945,069,240,1273172.0,2015-16
2946,069,241,570012.98,2015-16
2947,069,250,2387558.17,2015-16
2948,069,260,9109494.61,2015-16
2949,069,270,946807.0,2015-16
2950,069,280,1034700.0,2015-16
2951,069,290,3710266.43,2015-16
2952,069,291,842344.0,2015-16
2953,069,292,709863.96,2015-16
2954,069,300,620054.0,2015-16
2955,069,310,2088968.5,2015-16
2956,069,320,6697891.71,2015-16
2957,069,330,1512234.31,2015-16
2958,069,340,2875565.45,2015-16
2959,069,350,1872292.57,2015-16
2960,069,360,3867649.83,2015-16
2961,069,370,170384.0,2015-16
2962,069,380,306550.91,2015-16
2963,069,390,1091453.0,2015-16
2964,069,400,683870.34,2015-16
2965,069,410,8574376.37,2015-16
2966,069,420,889715.32,2015-16
2967,069,421,631399.0,2015-16
2968,069,422,184214.65,2015-16
2969,069,430,3224882.87,2015-16
2970,069,440,1505936.0,2015-16
2971,069,450,2155022.08,2015-16
2972,069,460,334043.44,2015-16
2973,069,470,1941956.54,2015-16
2974,069,480,363900.64,2015-16
2975,069,490,3289831.1,2015-16
2976,069,491,971600.0,2015-16
2977,069,500,662830.82,2015-16
2978,069,510,5249817.72,2015-16
2979,069,520,304021.0,2015-16
2980,069,530,996511.58,2015-16
2981,069,540,2407541.34,2015-16
2982,069,550,1832941.73,2015-16
2983,069,560,683066.21,2015-16
2984,069,570,581939.98,2015-16
2985,069,580,447059.23,2015-16
2986,069,590,847222.65,2015-16
2987,069,600,23205999.3,2015-16
2988,069,610,365949.16,2015-16
2989,069,620,936438.0,2015-16
2990,069,630,2486499.0,2015-16
2991,069,640,3296458.0,2015-16
2992,069,650,1045081.0,2015-16
2993,069,660,546608.21,2015-16
2994,069,670,1605712.4,2015-16
2995,069,680,1343952.23,2015-16
2996,069,681,1440906.46,2015-16
2997,069,690,275751.04,2015-16
2998,069,700,1046490.0,2015-16
2999,069,710,2029133.09,2015-16
3000,069,720,437103.0,2015-16
3001,069,730,761777.16,2015-16
3002,069,740,4800252.97,2015-16
3003,069,750,414334.69,2015-16
3004,069,760,2402866.65,2015-16
3005,069,761,912156.65,2015-16
3006,069,770,1622410.03,2015-16
3007,069,780,5406232.97,2015-16
3008,069,790,1683541.33,2015-16
3009,069,800,4165322.75,2015-16
3010,069,810,1724167.25,2015-16
3011,069,820,1543637.13,2015-16
3012,069,821,534663.31,2015-16
3013,069,830,1514433.0,2015-16
3014,069,840,1575965.46,2015-16
3015,069,850,641539.59,2015-16
3016,069,860,1672692.82,2015-16
3017,069,861,292055.0,2015-16
3018,069,862,303391.09,2015-16
3019,069,870,395776.04,2015-16
3020,069,880,556605.06,2015-16
3021,069,890,190837.85,2015-16
3022,069,900,5627648.51,2015-16
3023,069,910,1049681.62,2015-16
3024,069,920,12573036.88,2015-16
3025,069,930,520190.88,2015-16
3026,069,940,490251.0,2015-16
3027,069,950,802627.68,2015-16
3028,069,960,3198627.72,2015-16
3029,069,970,2412302.0,2015-16
3030,069,980,1775912.79,2015-16
3031,069,990,921614.9,2015-16
3032,069,995,259558.47,2015-16
3033,073,010,85032.0,2015-16
3034,073,020,29707.0,2015-16
3035,073,030,30369.0,2015-16
3036,073,040,22332.0,2015-16
3037,073,050,36960.0,2015-16
3038,073,060,19819.0,2015-16
3039,073,070,39943.0,2015-16
3040,073,080,25024.0,2015-16
3041,073,090,50667.0,2015-16
3042,073,100,78201.0,2015-16
3043,073,110,119907.0,2015-16
3044,073,111,52074.0,2015-16
3045,073,120,85224.0,2015-16
3046,073,130,230597.0,2015-16
3047,073,132,22618.0,2015-16
3048,073,140,88376.0,2015-16
3049,073,150,21682.15,2015-16
3050,073,160,121344.0,2015-16
3051,073,170,11905.0,2015-16
3052,073,180,100224.0,2015-16
3053,073,181,50965.0,2015-16
3054,073,182,28079.0,2015-16
3055,073,190,50453.0,2015-16
3056,073,200,26827.0,2015-16
3057,073,210,31351.0,2015-16
3058,073,220,10740.0,2015-16
3059,073,230,76080.0,2015-16
3060,073,240,62890.0,2015-16
3061,073,241,8628.14,2015-16
3062,073,250,61773.37,2015-16
3063,073,260,265941.0,2015-16
3064,073,270,46378.0,2015-16
3065,073,280,38692.47,2015-16
3066,073,290,147617.0,2015-16
3067,073,291,12355.0,2015-16
3068,073,292,11635.0,2015-16
3069,073,300,68607.0,2015-16
3070,073,310,38442.0,2015-16
3071,073,320,143916.0,2015-16
3072,073,330,18618.0,2015-16
3073,073,340,231360.0,2015-16
3074,073,350,76080.0,2015-16
3075,073,360,156215.0,2015-16
3076,073,370,16042.0,2015-16
3077,073,380,11219.72,2015-16
3078,073,390,54715.0,2015-16
3079,073,400,21034.0,2015-16
3080,073,410,372960.0,2015-16
3081,073,420,51136.08,2015-16
3082,073,421,25486.0,2015-16
3083,073,422,8683.0,2015-16
3084,073,430,183291.0,2015-16
3085,073,440,75816.0,2015-16
3086,073,450,78003.0,2015-16
3087,073,460,12570.0,2015-16
3088,073,470,54878.0,2015-16
3089,073,480,4169.01,2015-16
3090,073,490,482265.0,2015-16
3091,073,491,11176.0,2015-16
3092,073,500,25271.0,2015-16
3093,073,510,111960.0,2015-16
3094,073,520,11978.0,2015-16
3095,073,530,63118.0,2015-16
3096,073,540,43210.0,2015-16
3097,073,550,70726.17,2015-16
3098,073,560,64500.0,2015-16
3099,073,570,8880.0,2015-16
3100,073,580,35054.0,2015-16
3101,073,590,42828.0,2015-16
3102,073,600,324383.0,2015-16
3103,073,610,17429.0,2015-16
3104,073,620,16908.0,2015-16
3105,073,630,89712.0,2015-16
3106,073,640,190001.0,2015-16
3107,073,650,175191.0,2015-16
3108,073,660,9950.51,2015-16
3109,073,670,275588.0,2015-16
3110,073,680,70656.0,2015-16
3111,073,681,43308.0,2015-16
3112,073,690,11232.0,2015-16
3113,073,700,48791.0,2015-16
3114,073,710,53904.62,2015-16
3115,073,720,21040.0,2015-16
3116,073,730,37469.0,2015-16
3117,073,740,172440.0,2015-16
3118,073,750,10639.0,2015-16
3119,073,760,106845.0,2015-16
3120,073,761,22244.0,2015-16
3121,073,770,33992.0,2015-16
3122,073,780,63909.97,2015-16
3123,073,790,125236.0,2015-16
3124,073,800,150407.0,2015-16
3125,073,810,14185.0,2015-16
3126,073,820,29400.0,2015-16
3127,073,821,24000.0,2015-16
3128,073,830,36825.0,2015-16
3129,073,840,91447.0,2015-16
3130,073,850,94204.0,2015-16
3131,073,860,41805.0,2015-16
3132,073,861,8424.0,2015-16
3133,073,862,20913.89,2015-16
3134,073,870,22463.0,2015-16
3135,073,880,18336.0,2015-16
3136,073,890,0.0,2015-16
3137,073,900,427316.0,2015-16
3138,073,910,47698.0,2015-16
3139,073,920,578280.0,2015-16
3140,073,930,28810.0,2015-16
3141,073,940,15161.0,2015-16
3142,073,950,65160.0,2015-16
3143,073,960,106982.0,2015-16
3144,073,970,22380.0,2015-16
3145,073,980,349.42,2015-16
3146,073,990,44945.0,2015-16
3147,073,995,14232.0,2015-16
3148,085,330,800.0,2015-16
3149,085,550,1149.58,2015-16
3150,085,570,400.0,2015-16
3151,085,600,30400.0,2015-16
3152,085,920,26681.92,2015-16
3153,095,422,418600.39,2015-16
3154,096,010,66891.51,2015-16
3155,096,050,81026.64,2015-16
3156,096,210,114182.78,2015-16
3157,096,260,34186.91,2015-16
3158,096,320,55644.62,2015-16
3159,096,450,101497.99,2015-16
3160,096,600,98979.06,2015-16
3161,096,680,100312.75,2015-16
3162,096,770,94950.42,2015-16
3163,096,950,39632.23,2015-16
3164,096,970,84209.9,2015-16
3165,001,ALL,3775337811.48,2015-16
3166,002,ALL,92628862.52,2015-16
3167,003,ALL,392183477.94,2015-16
3168,005,ALL,298357859.29,2015-16
3169,007,ALL,438268533.68,2015-16
3170,009,ALL,85843590.38,2015-16
3171,010,ALL,67953040.05,2015-16
3172,011,ALL,34377.55,2015-16
3173,012,ALL,23132929.47,2015-16
3174,013,ALL,389446792.69,2015-16
3175,014,ALL,41072124.79,2015-16
3176,015,ALL,20583929.64,2015-16
3177,016,ALL,19201941.07,2015-16
3178,018,ALL,163264.08,2015-16
3179,019,ALL,43220225.7,2015-16
3180,020,ALL,52842152.68,2015-16
3181,021,ALL,38068.24,2015-16
3182,024,ALL,71351204.41,2015-16
3183,025,ALL,11619.95,2015-16
3184,027,ALL,352410716.24,2015-16
3185,029,ALL,11191361.04,2015-16
3186,030,ALL,21516.19,2015-16
3187,031,ALL,220829026.14,2015-16
3188,032,ALL,728958555.23,2015-16
3189,034,ALL,32582338.29,2015-16
3190,039,ALL,6442501.02,2015-16
3191,040,ALL,5897045.37,2015-16
3192,041,ALL,19212.56,2015-16
3193,042,ALL,4186558.61,2015-16
3194,043,ALL,5973086.86,2015-16
3195,045,ALL,111948913.82,2015-16
3196,046,ALL,382924.0,2015-16
3197,054,ALL,42485816.16,2015-16
3198,055,ALL,24954010.62,2015-16
3199,056,ALL,409641680.31,2015-16
3200,061,ALL,50124120.87,2015-16
3201,063,ALL,26397013.82,2015-16
3202,066,ALL,637447.63,2015-16
3203,067,ALL,1918180.59,2015-16
3204,068,ALL,44604210.05,2015-16
3205,069,ALL,223651859.73,2015-16
3206,073,ALL,8701209.52,2015-16
3207,085,ALL,59431.5,2015-16
3208,095,ALL,418600.39,2015-16
3209,096,ALL,871514.81,2015-16
